ID,Country,Province,District,Largest Group,Percent of Population,oneGroup,twoGroup,threeGroup,fourGroup,fiveGroup,sixGroup,sevenGroup,eightGroup,nineGroup,tenGroup,Area,Population,ethnicity,Bambara,Mandinka,Maninka,Konyanka Maninka,Mandjak,Marka,North Mande,South Mande,Jahanka,Jalunga,Fulah,Wolof,Lebu Wolof,Akan,Guan,Ga-Dangme,Ewe,Kabyé,Ouatchi,Kotokoli,Mina,Fon,Adja,Mole-Dagbani,Dagara,Nankana,Kasséna,Gurma,Gur,Kusaal,Senoufo,Minianka,Bobo,Bwamu,Koromfé,Bozo,Soninke,Songhay,Djerma,Kru,Grebo,Bassa,Belle,Krahn,Sapo,Dogon,Dogosé,Grusi,Tamasheq,Kissi,Temne,Limba,Loko,Mende,Gola,Gbandi,Loma,Susu,Yalunka,Koranko,Kuranko,Bijagos,Balanta-Ganja,Balanta-Mane,Jola-Fony,Mankanya,Papel,Mancanha,Serer,Soce,Bissa,Birifor,Lobi,Otamari,Kaansa,Karaboro,Hassaniya Arabic,Arabic,Hausa,Casamance Creole,Badyara,Baga,Bainouk,Bankagooma,Bariba,Bassari,Beafada,Biali,Dey,Dyan,Go,Gouin,Krim,Ko,Kono,Koussassé,Kpelle,Mano,Landoma,Lele,Mansoanca,Manya,Ménik,Mixifore,Moba,Mooré,Nalu,Ninkare,Nuna,Oniyan,Samo,Sem,Sherbro,Toussian,Turka,Wamey,Xasonga,Yoa-Lokpa,Losso ,Yoruba,French,English,Krio,Foreigners,Unknown,Others
base,.,.,.,.,.,.,.,.,.,.,.,.,.,.,.,0,0,.,0,0,0,0,0,0,0,0,0,0,0,0,0,0,0,0,0,0,0,0,0,0,0,0,0,0,0,0,0,0,0,0,0,0,0,0,0,0,0,0,0,0,0,0,0,0,0,0,0,0,0,0,0,0,0,0,0,0,0,0,0,0,0,0,0,0,0,0,0,0,0,0,0,0,0,0,0,0,0,0,0,0,0,0,0,0,0,0,0,0,0,0,0,0,0,0,0,0,0,0,0,0,0,0,0,0,0,0,0,0,0,0,0,0,0,0,0,0,0,0,0,0,0,0,0,0
BN001,Benin,North Benin,Alibori,Bariba,0.371,Bariba,Fulah,Djerma,Others,Yoruba,Foreigners,Otamari,Fon,Yoa-Lokpa,Adja,26795,868046,0,0,0,0,0,0,0,0,0,0,0,230032,0,0,0,0,0,0,0,0,0,0,7812,1736,0,0,0,0,0,0,0,0,0,0,0,0,0,0,0,174477,0,0,0,0,0,0,0,0,0,0,0,0,0,0,0,0,0,0,0,0,0,0,0,0,0,0,0,0,0,0,0,0,0,0,10417,0,0,0,0,0,0,0,0,0,0,322045,0,0,0,0,0,0,0,0,0,0,0,0,0,0,0,0,0,0,0,0,0,0,0,0,0,0,0,0,0,0,0,0,2604,0,44270,0,0,0,28646,0,46007
BN002,Benin,North Benin,Atacora,Otamari,0.593,Otamari,Bariba,Fulah,Yoa-Lokpa,Others,Fon,Fon,Djerma,Yoruba,Adja,20536,769337,0,0,0,0,0,0,0,0,0,0,0,96167,0,0,0,0,0,0,0,0,0,0,10001,2308,0,0,0,0,0,0,0,0,0,0,0,0,0,0,0,8463,0,0,0,0,0,0,0,0,0,0,0,0,0,0,0,0,0,0,0,0,0,0,0,0,0,0,0,0,0,0,0,0,0,0,456217,0,0,0,0,0,0,0,0,0,0,146174,0,0,0,0,0,0,0,0,0,0,0,0,0,0,0,0,0,0,0,0,0,0,0,0,0,0,0,0,0,0,0,0,20003,0,6924,0,0,0,10001,0,13079
BN003,Benin,South Benin,Atlantique,Fon,0.763,Fon,Adja,Yoruba,Foreigners,Djerma,Djerma,Djerma,Others,Otamari,Fulah,3182,1396548,0,0,0,0,0,0,0,0,0,0,0,1397,0,0,0,0,0,0,0,0,0,0,1065566,217861,0,0,0,0,0,0,0,0,0,0,0,0,0,0,0,6983,0,0,0,0,0,0,0,0,0,0,0,0,0,0,0,0,0,0,0,0,0,0,0,0,0,0,0,0,0,0,0,0,0,0,4190,0,0,0,0,0,0,0,0,0,0,6983,0,0,0,0,0,0,0,0,0,0,0,0,0,0,0,0,0,0,0,0,0,0,0,0,0,0,0,0,0,0,0,0,6983,0,62845,0,0,0,18155,0,5585
BN004,Benin,North Benin,Borgou,Bariba,0.376,Bariba,Fulah,Otamari,Yoruba,Fon,Yoa-Lokpa,Djerma,Foreigners,Others,Adja,25697,1202095,0,0,0,0,0,0,0,0,0,0,0,396691,0,0,0,0,0,0,0,0,0,0,52892,12021,0,0,0,0,0,0,0,0,0,0,0,0,0,0,0,38467,0,0,0,0,0,0,0,0,0,0,0,0,0,0,0,0,0,0,0,0,0,0,0,0,0,0,0,0,0,0,0,0,0,0,91359,0,0,0,0,0,0,0,0,0,0,451988,0,0,0,0,0,0,0,0,0,0,0,0,0,0,0,0,0,0,0,0,0,0,0,0,0,0,0,0,0,0,0,0,45680,0,74530,0,0,0,24042,0,14425
BN005,Benin,South Benin,Collines,Yoruba,0.462,Yoruba,Fon,Fulah,Otamari,Yoa-Lokpa,Adja,Foreigners,Others,Djerma,Djerma,14023,716558,0,0,0,0,0,0,0,0,0,0,0,40127,0,0,0,0,0,0,0,0,0,0,275875,12898,0,0,0,0,0,0,0,0,0,0,0,0,0,0,0,2866,0,0,0,0,0,0,0,0,0,0,0,0,0,0,0,0,0,0,0,0,0,0,0,0,0,0,0,0,0,0,0,0,0,0,19347,0,0,0,0,0,0,0,0,0,0,2866,0,0,0,0,0,0,0,0,0,0,0,0,0,0,0,0,0,0,0,0,0,0,0,0,0,0,0,0,0,0,0,0,17914,0,331050,0,0,0,9315,0,4300
BN007,Benin,South Benin,Couffo,Adja,0.907,Adja,Fon,Yoruba,Yoruba,Others,.,.,.,.,.,2421,741895,0,0,0,0,0,0,0,0,0,0,0,0,0,0,0,0,0,0,0,0,0,0,63061,672899,0,0,0,0,0,0,0,0,0,0,0,0,0,0,0,0,0,0,0,0,0,0,0,0,0,0,0,0,0,0,0,0,0,0,0,0,0,0,0,0,0,0,0,0,0,0,0,0,0,0,0,0,0,0,0,0,0,0,0,0,0,0,0,0,0,0,0,0,0,0,0,0,0,0,0,0,0,0,0,0,0,0,0,0,0,0,0,0,0,0,0,0,0,0,0,0,2226,0,0,0,2226,0,1483
BN006,Benin,North Benin,Donga,Yoa-Lokpa,0.59,Yoa-Lokpa,Fulah,Djerma,Yoruba,Otamari,Bariba,Others,Foreigners,Fon,Adja,11138,542605,0,0,0,0,0,0,0,0,0,0,0,85189,0,0,0,0,0,0,0,0,0,0,6511,2713,0,0,0,0,0,0,0,0,0,0,0,0,0,0,0,40695,0,0,0,0,0,0,0,0,0,0,0,0,0,0,0,0,0,0,0,0,0,0,0,0,0,0,0,0,0,0,0,0,0,0,24960,0,0,0,0,0,0,0,0,0,0,11395,0,0,0,0,0,0,0,0,0,0,0,0,0,0,0,0,0,0,0,0,0,0,0,0,0,0,0,0,0,0,0,0,320137,0,35812,0,0,0,7596,0,7597
BN008,Benin,South Benin,Littoral,Fon,0.565,Fon,Adja,Yoruba,Foreigners,Djerma,Yoa-Lokpa,Others,Bariba,Fulah,Fulah,75,678874,0,0,0,0,0,0,0,0,0,0,0,2037,0,0,0,0,0,0,0,0,0,0,383564,120161,0,0,0,0,0,0,0,0,0,0,0,0,0,0,0,12899,0,0,0,0,0,0,0,0,0,0,0,0,0,0,0,0,0,0,0,0,0,0,0,0,0,0,0,0,0,0,0,0,0,0,2037,0,0,0,0,0,0,0,0,0,0,6110,0,0,0,0,0,0,0,0,0,0,0,0,0,0,0,0,0,0,0,0,0,0,0,0,0,0,0,0,0,0,0,0,10862,0,73997,0,0,0,57704,0,9503
BN009,Benin,South Benin,Mono,Adja,0.69,Adja,Fon,Foreigners,Yoruba,Others,Fulah,Fulah,Fulah,Fulah,.,1578,495307,0,0,0,0,0,0,0,0,0,0,0,495,0,0,0,0,0,0,0,0,0,0,137695,341762,0,0,0,0,0,0,0,0,0,0,0,0,0,0,0,495,0,0,0,0,0,0,0,0,0,0,0,0,0,0,0,0,0,0,0,0,0,0,0,0,0,0,0,0,0,0,0,0,0,0,0,0,0,0,0,0,0,0,0,0,0,495,0,0,0,0,0,0,0,0,0,0,0,0,0,0,0,0,0,0,0,0,0,0,0,0,0,0,0,0,0,0,0,0,495,0,2972,0,0,0,8916,0,1982
BN010,Benin,South Benin,Oueme,Fon,0.787,Fon,Yoruba,Adja,Foreigners,Yoa-Lokpa,Others,Djerma,Bariba,Fulah,Fulah,1285,1096850,0,0,0,0,0,0,0,0,0,0,0,1097,0,0,0,0,0,0,0,0,0,0,863221,88845,0,0,0,0,0,0,0,0,0,0,0,0,0,0,0,3291,0,0,0,0,0,0,0,0,0,0,0,0,0,0,0,0,0,0,0,0,0,0,0,0,0,0,0,0,0,0,0,0,0,0,1097,0,0,0,0,0,0,0,0,0,0,2194,0,0,0,0,0,0,0,0,0,0,0,0,0,0,0,0,0,0,0,0,0,0,0,0,0,0,0,0,0,0,0,0,4387,0,110782,0,0,0,17550,0,4386
BN011,Benin,South Benin,Plateau,Yoruba,0.687,Yoruba,Fon,Adja,Foreigners,Others,Fulah,Djerma,Djerma,Djerma,Djerma,3319,624146,0,0,0,0,0,0,0,0,0,0,0,1248,0,0,0,0,0,0,0,0,0,0,181002,6866,0,0,0,0,0,0,0,0,0,0,0,0,0,0,0,624,0,0,0,0,0,0,0,0,0,0,0,0,0,0,0,0,0,0,0,0,0,0,0,0,0,0,0,0,0,0,0,0,0,0,624,0,0,0,0,0,0,0,0,0,0,624,0,0,0,0,0,0,0,0,0,0,0,0,0,0,0,0,0,0,0,0,0,0,0,0,0,0,0,0,0,0,0,0,624,0,428788,0,0,0,2497,0,1249
BN012,Benin,South Benin,Zou,Fon,0.923,Fon,Yoruba,Adja,Fulah,Foreigners,Others,Djerma,Otamari,Otamari,Otamari,5235,851623,0,0,0,0,0,0,0,0,0,0,0,5110,0,0,0,0,0,0,0,0,0,0,786048,20439,0,0,0,0,0,0,0,0,0,0,0,0,0,0,0,1703,0,0,0,0,0,0,0,0,0,0,0,0,0,0,0,0,0,0,0,0,0,0,0,0,0,0,0,0,0,0,0,0,0,0,852,0,0,0,0,0,0,0,0,0,0,852,0,0,0,0,0,0,0,0,0,0,0,0,0,0,0,0,0,0,0,0,0,0,0,0,0,0,0,0,0,0,0,0,852,0,27252,0,0,0,4258,0,4257
GN001,Guinea,Boke,Boffa,Susu,0.824,Susu,Fulah,Baga,Others,Jahanka,.,.,.,.,.,5285,215870,0,0,0,0,0,0,0,0,0,1079,0,24609,0,0,0,0,0,0,0,0,0,0,0,0,0,0,0,0,0,0,0,0,0,0,0,0,0,0,0,0,0,0,0,0,0,0,0,0,0,0,0,0,0,0,0,0,0,0,177877,0,0,0,0,0,0,0,0,0,0,0,0,0,0,0,0,0,0,0,0,0,0,0,8203,0,0,0,0,0,0,0,0,0,0,0,0,0,0,0,0,0,0,0,0,0,0,0,0,0,0,0,0,0,0,0,0,0,0,0,0,0,0,0,0,0,0,0,4102
GN002,Guinea,Boke,Boke,Fulah,0.383,Fulah,Susu,Jahanka,Landoma,Mixifore,Baga,Maninka,Others,Nalu,Kissi,10921,451810,0,0,0,14006,0,0,0,0,0,41115,0,173043,0,0,0,0,0,0,0,0,0,0,0,0,0,0,0,0,0,0,0,0,0,0,0,0,0,0,0,0,0,0,0,0,0,0,0,0,0,0,1807,0,0,0,0,0,0,1355,122892,0,0,0,0,0,0,0,0,0,0,0,0,0,0,0,0,0,0,0,0,0,0,0,15813,0,0,0,0,0,0,0,0,0,0,0,0,0,0,1807,0,40663,0,0,0,0,23042,0,0,4970,0,0,0,0,0,0,0,0,0,0,0,0,0,0,0,0,0,0,11297
GN003,Guinea,Boke,Fria,Susu,0.545,Susu,Fulah,Others,Maninka,Yalunka,.,.,.,.,.,1579,95790,0,0,0,2586,0,0,0,0,0,0,0,37262,0,0,0,0,0,0,0,0,0,0,0,0,0,0,0,0,0,0,0,0,0,0,0,0,0,0,0,0,0,0,0,0,0,0,0,0,0,0,0,0,0,0,0,0,0,0,52206,958,0,0,0,0,0,0,0,0,0,0,0,0,0,0,0,0,0,0,0,0,0,0,0,0,0,0,0,0,0,0,0,0,0,0,0,0,0,0,0,0,0,0,0,0,0,0,0,0,0,0,0,0,0,0,0,0,0,0,0,0,0,0,0,0,0,0,2778
GN004,Guinea,Boke,Gaoual,Fulah,0.859,Fulah,Jahanka,Others,Yalunka,Susu,Maninka,.,.,.,.,11152,191850,0,0,0,959,0,0,0,0,0,18034,0,164799,0,0,0,0,0,0,0,0,0,0,0,0,0,0,0,0,0,0,0,0,0,0,0,0,0,0,0,0,0,0,0,0,0,0,0,0,0,0,0,0,0,0,0,0,0,0,1343,1535,0,0,0,0,0,0,0,0,0,0,0,0,0,0,0,0,0,0,0,0,0,0,0,0,0,0,0,0,0,0,0,0,0,0,0,0,0,0,0,0,0,0,0,0,0,0,0,0,0,0,0,0,0,0,0,0,0,0,0,0,0,0,0,0,0,0,5180
GN005,Guinea,Boke,Koundara,Fulah,0.705,Fulah,Wamey,Badyara,Bassari,Soninke,Maninka,Jahanka,Others,Susu,.,5338,129010,0,0,0,2838,0,0,0,0,0,2709,0,90952,0,0,0,0,0,0,0,0,0,0,0,0,0,0,0,0,0,0,0,0,0,0,0,0,0,5160,0,0,0,0,0,0,0,0,0,0,0,0,0,0,0,0,0,0,0,0,903,0,0,0,0,0,0,0,0,0,0,0,0,0,0,0,0,0,0,0,0,0,0,8773,0,0,0,0,6321,0,0,0,0,0,0,0,0,0,0,0,0,0,0,0,0,0,0,0,0,0,0,0,0,0,0,0,0,0,8902,0,0,0,0,0,0,0,0,0,2452
GN006,Guinea,Conakry,Conakry,Susu,0.37,Susu,Fulah,Maninka,Kissi,Konyanka Maninka,Jahanka,Jahanka,Others,Loma,Yalunka,436,1654120,0,0,0,314283,24812,0,0,0,0,21504,0,554130,0,0,0,0,0,0,0,0,0,0,0,0,0,0,0,0,0,0,0,0,0,0,0,0,0,1654,0,0,0,0,0,0,0,0,0,0,0,0,28120,0,0,0,0,0,0,11579,612024,8271,0,3308,0,0,0,0,0,0,0,0,0,0,0,0,0,0,0,0,0,0,0,0,8271,0,0,0,0,0,0,0,0,0,0,0,0,4962,0,21504,3308,4962,1654,0,1654,0,3308,0,0,0,0,0,0,0,0,0,0,0,6616,0,0,0,0,0,0,0,0,0,18196
GN007,Guinea,Faranah,Dabola,Maninka,0.611,Maninka,Fulah,Others,Yalunka,.,.,.,.,.,.,5177,182910,0,0,0,111758,0,0,0,0,0,0,0,67311,0,0,0,0,0,0,0,0,0,0,0,0,0,0,0,0,0,0,0,0,0,0,0,0,0,0,0,0,0,0,0,0,0,0,0,0,0,0,0,0,0,0,0,0,0,0,0,1097,0,0,0,0,0,0,0,0,0,0,0,0,0,0,0,0,0,0,0,0,0,0,0,0,0,0,0,0,0,0,0,0,0,0,0,0,0,0,0,0,0,0,0,0,0,0,0,0,0,0,0,0,0,0,0,0,0,0,0,0,0,0,0,0,0,0,2744
GN008,Guinea,Faranah,Dinguiraye,Fulah,0.688,Fulah,Maninka,Yalunka,Yalunka,Kissi,.,.,.,.,.,11457,193900,0,0,0,55649,0,0,0,0,0,0,0,133403,0,0,0,0,0,0,0,0,0,0,0,0,0,0,0,0,0,0,0,0,0,0,0,0,0,0,0,0,0,0,0,0,0,0,0,0,0,0,970,0,0,0,0,0,0,0,0,1939,0,0,0,0,0,0,0,0,0,0,0,0,0,0,0,0,0,0,0,0,0,0,0,0,0,0,0,0,0,0,0,0,0,0,0,0,0,0,0,0,0,0,0,0,0,0,0,0,0,0,0,0,0,0,0,0,0,0,0,0,0,0,0,0,0,0,1939
GN009,Guinea,Faranah,Faranah,Maninka,0.404,Maninka,Yalunka,Kuranko,Fulah,Kissi,Others,Susu,Kpelle,.,.,12873,279430,0,0,0,112890,0,0,0,0,0,0,0,44150,0,0,0,0,0,0,0,0,0,0,0,0,0,0,0,0,0,0,0,0,0,0,0,0,0,0,0,0,0,0,0,0,0,0,0,0,0,0,15369,0,0,0,0,0,0,0,1677,57842,0,44709,0,0,0,0,0,0,0,0,0,0,0,0,0,0,0,0,0,0,0,0,0,0,0,0,0,0,0,0,0,0,0,0,0,0,0,838,0,0,0,0,0,0,0,0,0,0,0,0,0,0,0,0,0,0,0,0,0,0,0,0,0,0,0,0,1955
GN010,Guinea,Faranah,Kissidougou,Kissi,0.376,Kissi,Kuranko,Maninka,Lele,Fulah,Others,Loma,Susu,Konyanka Maninka,Konyanka Maninka,6187,283100,0,0,0,58885,1132,0,0,0,0,0,0,18968,0,0,0,0,0,0,0,0,0,0,0,0,0,0,0,0,0,0,0,0,0,0,0,0,0,0,0,0,0,0,0,0,0,0,0,0,0,0,106446,0,0,0,0,0,0,1699,1416,0,0,71058,0,0,0,0,0,0,0,0,0,0,0,0,0,0,0,0,0,0,0,0,0,0,0,0,0,0,0,0,0,0,0,0,0,0,0,1132,0,0,20100,0,0,0,0,0,0,0,0,0,0,0,0,0,0,0,0,0,0,0,0,0,0,0,0,0,2264
GN011,Guinea,Kankan,Kankan,Maninka,0.879,Maninka,Kuranko,Fulah,Kissi,Others,Konyanka Maninka,Kpelle,Loma,Loma,.,17315,469730,0,0,0,412893,2349,0,0,0,0,0,0,15971,0,0,0,0,0,0,0,0,0,0,0,0,0,0,0,0,0,0,0,0,0,0,0,0,0,0,0,0,0,0,0,0,0,0,0,0,0,0,3758,0,0,0,0,0,0,939,939,0,0,28184,0,0,0,0,0,0,0,0,0,0,0,0,0,0,0,0,0,0,0,0,0,0,0,0,0,0,0,0,0,0,0,0,0,0,0,1879,0,0,0,0,0,0,0,0,0,0,0,0,0,0,0,0,0,0,0,0,0,0,0,0,0,0,0,0,2818
GN012,Guinea,Kankan,Kerouane,Maninka,0.461,Maninka,Konyanka Maninka,Kuranko,Fulah,Others,Manya,Kissi,Yalunka,Susu,Susu,9372,211040,0,0,0,97289,47906,0,0,0,0,0,0,12451,0,0,0,0,0,0,0,0,0,0,0,0,0,0,0,0,0,0,0,0,0,0,0,0,0,0,0,0,0,0,0,0,0,0,0,0,0,0,2532,0,0,0,0,0,0,0,1055,1477,0,40942,0,0,0,0,0,0,0,0,0,0,0,0,0,0,0,0,0,0,0,0,0,0,0,0,0,0,0,0,0,0,0,0,0,0,0,1055,0,0,0,0,3166,0,0,0,0,0,0,0,0,0,0,0,0,0,0,0,0,0,0,0,0,0,0,0,3167
GN013,Guinea,Kankan,Kouroussa,Maninka,0.95,Maninka,Fulah,Others,Kuranko,.,.,.,.,.,.,15769,272950,0,0,0,259303,0,0,0,0,0,0,0,7916,0,0,0,0,0,0,0,0,0,0,0,0,0,0,0,0,0,0,0,0,0,0,0,0,0,0,0,0,0,0,0,0,0,0,0,0,0,0,0,0,0,0,0,0,0,0,0,0,0,1911,0,0,0,0,0,0,0,0,0,0,0,0,0,0,0,0,0,0,0,0,0,0,0,0,0,0,0,0,0,0,0,0,0,0,0,0,0,0,0,0,0,0,0,0,0,0,0,0,0,0,0,0,0,0,0,0,0,0,0,0,0,0,0,0,3820
GN014,Guinea,Kankan,Mandiana,Maninka,0.983,Maninka,Others,Fulah,.,.,.,.,.,.,.,11631,337690,0,0,0,331949,0,0,0,0,0,0,0,1688,0,0,0,0,0,0,0,0,0,0,0,0,0,0,0,0,0,0,0,0,0,0,0,0,0,0,0,0,0,0,0,0,0,0,0,0,0,0,0,0,0,0,0,0,0,0,0,0,0,0,0,0,0,0,0,0,0,0,0,0,0,0,0,0,0,0,0,0,0,0,0,0,0,0,0,0,0,0,0,0,0,0,0,0,0,0,0,0,0,0,0,0,0,0,0,0,0,0,0,0,0,0,0,0,0,0,0,0,0,0,0,0,0,0,4053
GN015,Guinea,Kankan,Siguiri,Maninka,0.906,Maninka,Fulah,Others,Kissi,Kissi,Susu,Yalunka,Yalunka,Konyanka Maninka,Konyanka Maninka,17649,674770,0,0,0,611342,1350,0,0,0,0,0,0,38462,0,0,0,0,0,0,0,0,0,0,0,0,0,0,0,0,0,0,0,0,0,0,0,0,0,0,0,0,0,0,0,0,0,0,0,0,0,0,4049,0,0,0,0,0,0,1350,2699,2024,0,4049,0,0,0,0,0,0,0,0,0,0,0,0,0,0,0,0,0,0,0,0,0,0,0,0,0,0,0,0,0,0,0,0,0,675,0,2024,0,0,675,0,0,0,0,0,0,0,0,0,0,0,0,0,0,0,0,0,0,0,0,0,0,0,0,0,6071
GN016,Guinea,Kindia,Coyah/Dubreka,Susu,0.583,Susu,Fulah,Maninka,Kissi,Kpelle,Others,Konyanka Maninka,Konyanka Maninka,Konyanka Maninka,Kono,5114,595840,0,0,0,51838,3575,0,0,0,0,3575,0,149556,0,0,0,0,0,0,0,0,0,0,0,0,0,0,0,0,0,0,0,0,0,0,0,0,0,0,0,0,0,0,0,0,0,0,0,0,0,0,11321,0,0,0,0,0,0,3575,347375,1788,0,0,0,0,0,0,0,0,0,0,0,0,0,0,0,0,0,0,0,0,0,0,1192,0,0,0,0,0,0,0,0,0,0,0,0,2383,0,8938,1788,1192,1788,0,0,0,0,0,0,0,0,0,0,0,0,0,0,0,1192,0,0,0,0,0,0,0,0,0,4764
GN017,Guinea,Kindia,Forecariah,Susu,0.891,Susu,Fulah,Others,Maninka,Kissi,.,.,.,.,.,4212,245380,0,0,0,3190,0,0,0,0,0,0,0,18158,0,0,0,0,0,0,0,0,0,0,0,0,0,0,0,0,0,0,0,0,0,0,0,0,0,0,0,0,0,0,0,0,0,0,0,0,0,0,982,0,0,0,0,0,0,0,218634,0,0,0,0,0,0,0,0,0,0,0,0,0,0,0,0,0,0,0,0,0,0,0,0,0,0,0,0,0,0,0,0,0,0,0,0,0,0,0,0,0,0,0,0,0,0,0,0,0,0,0,0,0,0,0,0,0,0,0,0,0,0,0,0,0,0,0,4416
GN018,Guinea,Kindia,Kindia,Susu,0.605,Susu,Fulah,Maninka,Jahanka,Others,Kpelle,Soninke,Soninke,Loma,Baga,8779,438950,0,0,0,25898,0,0,0,0,0,4828,0,129051,0,0,0,0,0,0,0,0,0,0,0,0,0,0,0,0,0,0,0,0,0,0,0,0,0,2195,0,0,0,0,0,0,0,0,0,0,0,0,2195,0,0,0,0,0,0,1317,265565,0,0,0,0,0,0,0,0,0,0,0,0,0,0,0,0,0,0,0,0,0,0,0,878,0,0,0,0,0,0,0,0,0,0,0,0,0,0,2634,0,0,0,0,0,0,0,0,0,0,0,0,0,0,0,0,0,0,0,0,0,0,0,0,0,0,0,0,4389
GN019,Guinea,Kindia,Telimele,Fulah,0.881,Fulah,Susu,Others,Yalunka,.,.,.,.,.,.,7528,280610,0,0,0,0,0,0,0,0,0,0,0,247217,0,0,0,0,0,0,0,0,0,0,0,0,0,0,0,0,0,0,0,0,0,0,0,0,0,0,0,0,0,0,0,0,0,0,0,0,0,0,0,0,0,0,0,0,0,0,29464,1122,0,0,0,0,0,0,0,0,0,0,0,0,0,0,0,0,0,0,0,0,0,0,0,0,0,0,0,0,0,0,0,0,0,0,0,0,0,0,0,0,0,0,0,0,0,0,0,0,0,0,0,0,0,0,0,0,0,0,0,0,0,0,0,0,0,0,2807
GN020,Guinea,Labe,Koubia,Fulah,0.916,Fulah,Jahanka,Yalunka,Others,.,.,.,.,.,.,3543,99560,0,0,0,0,0,0,0,0,0,4480,0,91197,0,0,0,0,0,0,0,0,0,0,0,0,0,0,0,0,0,0,0,0,0,0,0,0,0,0,0,0,0,0,0,0,0,0,0,0,0,0,0,0,0,0,0,0,0,0,0,2190,0,0,0,0,0,0,0,0,0,0,0,0,0,0,0,0,0,0,0,0,0,0,0,0,0,0,0,0,0,0,0,0,0,0,0,0,0,0,0,0,0,0,0,0,0,0,0,0,0,0,0,0,0,0,0,0,0,0,0,0,0,0,0,0,0,0,1693
GN021,Guinea,Labe,Labe,Fulah,0.966,Fulah,Maninka,Others,Jahanka,Susu,Kpelle,.,.,.,.,2107,320700,0,0,0,3528,0,0,0,0,0,1924,0,309796,0,0,0,0,0,0,0,0,0,0,0,0,0,0,0,0,0,0,0,0,0,0,0,0,0,0,0,0,0,0,0,0,0,0,0,0,0,0,0,0,0,0,0,0,0,0,1604,0,0,0,0,0,0,0,0,0,0,0,0,0,0,0,0,0,0,0,0,0,0,0,0,0,0,0,0,0,0,0,0,0,0,0,0,0,0,1283,0,0,0,0,0,0,0,0,0,0,0,0,0,0,0,0,0,0,0,0,0,0,0,0,0,0,0,0,2565
GN022,Guinea,Labe,Lelouma,Fulah,0.955,Fulah,Soninke,Maninka,Others,.,.,.,.,.,.,2717,162150,0,0,0,2919,0,0,0,0,0,0,0,154853,0,0,0,0,0,0,0,0,0,0,0,0,0,0,0,0,0,0,0,0,0,0,0,0,0,3729,0,0,0,0,0,0,0,0,0,0,0,0,0,0,0,0,0,0,0,0,0,0,0,0,0,0,0,0,0,0,0,0,0,0,0,0,0,0,0,0,0,0,0,0,0,0,0,0,0,0,0,0,0,0,0,0,0,0,0,0,0,0,0,0,0,0,0,0,0,0,0,0,0,0,0,0,0,0,0,0,0,0,0,0,0,0,0,0,649
GN023,Guinea,Labe,Mali,Fulah,0.926,Fulah,Yalunka,Jahanka,Soninke,Others,Maninka,.,.,.,.,8409,291610,0,0,0,875,0,0,0,0,0,6999,0,270031,0,0,0,0,0,0,0,0,0,0,0,0,0,0,0,0,0,0,0,0,0,0,0,0,0,2624,0,0,0,0,0,0,0,0,0,0,0,0,0,0,0,0,0,0,0,0,0,9623,0,0,0,0,0,0,0,0,0,0,0,0,0,0,0,0,0,0,0,0,0,0,0,0,0,0,0,0,0,0,0,0,0,0,0,0,0,0,0,0,0,0,0,0,0,0,0,0,0,0,0,0,0,0,0,0,0,0,0,0,0,0,0,0,0,0,1458
GN024,Guinea,Labe,Tougue,Fulah,0.949,Fulah,Jahanka,Others,Yalunka,.,.,.,.,.,.,5990,125190,0,0,0,0,0,0,0,0,0,3881,0,118805,0,0,0,0,0,0,0,0,0,0,0,0,0,0,0,0,0,0,0,0,0,0,0,0,0,0,0,0,0,0,0,0,0,0,0,0,0,0,0,0,0,0,0,0,0,0,0,751,0,0,0,0,0,0,0,0,0,0,0,0,0,0,0,0,0,0,0,0,0,0,0,0,0,0,0,0,0,0,0,0,0,0,0,0,0,0,0,0,0,0,0,0,0,0,0,0,0,0,0,0,0,0,0,0,0,0,0,0,0,0,0,0,0,0,1753
GN025,Guinea,Mamou,Dalaba,Fulah,0.924,Fulah,Maninka,Others,.,.,.,.,.,.,.,3096,134480,0,0,0,6858,0,0,0,0,0,0,0,124260,0,0,0,0,0,0,0,0,0,0,0,0,0,0,0,0,0,0,0,0,0,0,0,0,0,0,0,0,0,0,0,0,0,0,0,0,0,0,0,0,0,0,0,0,0,0,0,0,0,0,0,0,0,0,0,0,0,0,0,0,0,0,0,0,0,0,0,0,0,0,0,0,0,0,0,0,0,0,0,0,0,0,0,0,0,0,0,0,0,0,0,0,0,0,0,0,0,0,0,0,0,0,0,0,0,0,0,0,0,0,0,0,0,0,3362
GN026,Guinea,Mamou,Mamou,Fulah,0.897,Fulah,Maninka,Susu,Others,Jahanka,Kissi,.,.,.,.,10189,319890,0,0,0,22392,0,0,0,0,0,1280,0,286941,0,0,0,0,0,0,0,0,0,0,0,0,0,0,0,0,0,0,0,0,0,0,0,0,0,0,0,0,0,0,0,0,0,0,0,0,0,0,960,0,0,0,0,0,0,0,4159,0,0,0,0,0,0,0,0,0,0,0,0,0,0,0,0,0,0,0,0,0,0,0,0,0,0,0,0,0,0,0,0,0,0,0,0,0,0,0,0,0,0,0,0,0,0,0,0,0,0,0,0,0,0,0,0,0,0,0,0,0,0,0,0,0,0,0,4158
GN027,Guinea,Mamou,Pita,Fulah,0.958,Fulah,Susu,Others,Maninka,.,.,.,.,.,.,4496,278290,0,0,0,1391,0,0,0,0,0,0,0,266602,0,0,0,0,0,0,0,0,0,0,0,0,0,0,0,0,0,0,0,0,0,0,0,0,0,0,0,0,0,0,0,0,0,0,0,0,0,0,0,0,0,0,0,0,0,0,8905,0,0,0,0,0,0,0,0,0,0,0,0,0,0,0,0,0,0,0,0,0,0,0,0,0,0,0,0,0,0,0,0,0,0,0,0,0,0,0,0,0,0,0,0,0,0,0,0,0,0,0,0,0,0,0,0,0,0,0,0,0,0,0,0,0,0,0,1392
GN028,Guinea,Nzerekore,Beyla,Konyanka Maninka,0.866,Konyanka Maninka,Kpelle,Maninka,Others,Fulah,Wamey,Kissi,Kissi,Kissi,.,12531,328270,0,0,0,12146,284282,0,0,0,0,0,0,5252,0,0,0,0,0,0,0,0,0,0,0,0,0,0,0,0,0,0,0,0,0,0,0,0,0,0,0,0,0,0,0,0,0,0,0,0,0,0,985,0,0,0,0,0,0,985,0,0,0,0,0,0,0,0,0,0,0,0,0,0,0,0,0,0,0,0,0,0,0,0,0,0,0,0,985,0,0,0,0,0,0,0,0,0,0,13131,0,0,0,0,0,0,0,0,0,0,0,0,0,0,0,0,0,0,1970,0,0,0,0,0,0,0,0,0,8534
GN029,Guinea,Nzerekore,Gueckedou,Kissi,0.771,Kissi,Maninka,Fulah,Lele,Others,Konyanka Maninka,Loma,Kuranko,Kpelle,.,4215,289320,0,0,0,27196,3183,0,0,0,0,0,0,15045,0,0,0,0,0,0,0,0,0,0,0,0,0,0,0,0,0,0,0,0,0,0,0,0,0,0,0,0,0,0,0,0,0,0,0,0,0,0,223066,0,0,0,0,0,0,2025,0,0,0,1447,0,0,0,0,0,0,0,0,0,0,0,0,0,0,0,0,0,0,0,0,0,0,0,0,0,0,0,0,0,0,0,0,0,0,0,868,0,0,12441,0,0,0,0,0,0,0,0,0,0,0,0,0,0,0,0,0,0,0,0,0,0,0,0,0,4049
GN030,Guinea,Nzerekore,Lola,Kono,0.42,Kono,Kpelle,Konyanka Maninka,Mano,Maninka,Others,Fulah,Loma,Loma,.,4541,171260,0,0,0,10789,27402,0,0,0,0,0,0,1713,0,0,0,0,0,0,0,0,0,0,0,0,0,0,0,0,0,0,0,0,0,0,0,0,0,0,0,0,0,0,0,0,0,0,0,0,0,0,0,0,0,0,0,0,0,856,0,0,0,0,0,0,0,0,0,0,0,0,0,0,0,0,0,0,0,0,0,0,0,0,0,0,0,0,0,0,0,0,0,0,0,0,0,71929,0,38191,15585,0,0,0,0,0,0,0,0,0,0,0,0,0,0,0,0,0,856,0,0,0,0,0,0,0,0,0,3939
GN031,Guinea,Nzerekore,Macenta,Loma,0.403,Loma,Manya,Maninka,Kpelle,Fulah,Konyanka Maninka,Kissi,Others,Kuranko,Susu,8008,278090,0,0,0,35317,12514,0,0,0,0,0,0,15017,0,0,0,0,0,0,0,0,0,0,0,0,0,0,0,0,0,0,0,0,0,0,0,0,0,0,0,0,0,0,0,0,0,0,0,0,0,0,7508,0,0,0,0,0,0,112070,834,0,0,2503,0,0,0,0,0,0,0,0,0,0,0,0,0,0,0,0,0,0,0,0,0,0,0,0,0,0,0,0,0,0,0,0,0,0,0,17798,0,0,0,0,69801,0,0,0,0,0,0,0,0,0,0,0,0,0,0,0,0,0,0,0,0,0,0,0,4728
GN032,Guinea,Nzerekore,Nzerekore,Kpelle,0.545,Kpelle,Maninka,Konyanka Maninka,Mano,Fulah,Kissi,Kono,Kono,Loma,Wamey,4068,393210,0,0,0,59768,51904,0,0,0,0,0,0,16515,0,0,0,0,0,0,0,0,0,0,0,0,0,0,0,0,0,0,0,0,0,0,0,0,0,0,0,0,0,0,0,0,0,0,0,0,0,0,4719,0,0,0,0,0,0,3932,1573,0,0,0,0,0,0,0,0,0,0,0,0,0,0,0,0,0,0,0,0,0,0,0,0,0,0,0,0,0,0,0,0,0,0,0,0,4325,0,214299,29884,0,0,0,0,0,0,0,0,0,0,0,0,0,0,0,0,0,1966,0,0,0,0,0,0,0,0,0,4325
GN033,Guinea,Nzerekore,Yomou,Kpelle,0.719,Kpelle,Mano,Konyanka Maninka,Others,Maninka,Fulah,.,.,.,.,3212,112390,0,0,0,2922,7418,0,0,0,0,0,0,1236,0,0,0,0,0,0,0,0,0,0,0,0,0,0,0,0,0,0,0,0,0,0,0,0,0,0,0,0,0,0,0,0,0,0,0,0,0,0,0,0,0,0,0,0,0,0,0,0,0,0,0,0,0,0,0,0,0,0,0,0,0,0,0,0,0,0,0,0,0,0,0,0,0,0,0,0,0,0,0,0,0,0,0,0,0,80808,16521,0,0,0,0,0,0,0,0,0,0,0,0,0,0,0,0,0,0,0,0,0,0,0,0,0,0,0,3485
SN001,Senegal,Dakar,Dakar,Wolof,0.614,Wolof,Fulah,Serer,French,Jola-Fony,Lebu Wolof,Lebu Wolof,Mandjak,Mandjak,Bambara,78,1125929,0,11259,5630,1126,0,13511,0,0,0,1126,0,142993,691320,14637,0,0,0,0,0,0,0,0,0,0,0,0,0,0,0,0,0,0,0,0,0,0,0,14637,0,0,0,0,0,0,0,0,0,0,0,0,0,0,0,0,0,0,0,0,3378,0,0,0,0,3378,0,41659,3378,0,0,91200,13511,0,0,0,0,0,0,1126,3378,1126,3378,0,0,1126,0,0,0,0,0,0,0,0,0,0,0,0,0,0,0,0,0,0,0,0,0,0,0,0,0,0,0,0,0,0,0,0,0,0,0,0,0,49541,3378,0,0,0,10133
SN002,Senegal,Dakar,"Pikine, Guediawaye",Wolof,0.663,Wolof,Fulah,Serer,Jola-Fony,Mandjak,Soce,Soninke,Soninke,Bambara,Lebu Wolof,105,1448150,0,10137,7241,0,0,24619,0,0,0,1448,0,240393,960123,8689,0,0,0,0,0,0,0,0,0,0,0,0,0,0,0,0,0,0,0,0,0,0,0,11585,0,0,0,0,0,0,0,0,0,0,0,0,0,0,0,0,0,0,0,0,2896,0,0,0,0,2896,0,50685,4344,0,0,79648,20274,0,0,0,0,0,0,2896,0,0,1448,0,0,2896,0,0,0,0,0,0,0,0,0,0,0,0,0,0,0,0,0,0,0,0,0,0,0,0,0,0,0,0,0,0,0,0,0,0,0,0,0,11585,0,0,0,0,4347
SN003,Senegal,Dakar,Rufisque,Wolof,0.599,Wolof,Fulah,Lebu Wolof,Serer,Jola-Fony,Soce,French,Bambara,Mandjak,Mandinka,358,475820,0,2379,1427,0,0,1903,0,0,0,0,0,65663,285016,64712,0,0,0,0,0,0,0,0,0,0,0,0,0,0,0,0,0,0,0,0,0,0,0,952,0,0,0,0,0,0,0,0,0,0,0,0,0,0,0,0,0,0,0,0,476,0,0,0,0,476,0,9041,1427,0,0,30452,5710,0,0,0,0,0,0,476,0,0,476,0,0,476,0,0,0,0,0,0,0,0,0,0,0,0,0,0,0,0,0,0,0,0,0,0,0,0,0,0,476,0,0,0,0,0,0,0,0,0,0,2855,0,0,0,0,1427
SN022,Senegal,Ziguinchor,Bignona,Jola-Fony,0.751,Jola-Fony,Mandinka,Fulah,Wolof,Balanta-Ganja,Bainouk,Mandjak,Serer,Soce,Others,5327,251365,0,754,20109,503,0,2262,0,0,0,503,0,16590,8798,0,0,0,0,0,0,0,0,0,0,0,0,0,0,0,0,0,0,0,0,0,0,0,0,251,0,0,0,0,0,0,0,0,0,0,0,0,0,0,0,0,0,0,0,0,503,0,0,0,0,3268,0,188775,251,0,0,2011,1760,0,0,0,0,0,0,0,0,0,251,0,0,3016,0,0,0,0,0,0,0,0,0,0,0,0,0,0,0,0,0,0,0,0,0,0,0,0,0,0,0,0,0,0,0,0,0,0,0,0,0,503,0,0,0,0,1257
SN023,Senegal,Ziguinchor,Oussouye,Jola-Fony,0.774,Jola-Fony,Wolof,Fulah,Others,Soce,Mandinka,French,Casamance Creole,Serer,Mandjak,878,48806,0,0,488,0,0,98,0,0,0,0,0,2928,4832,0,0,0,0,0,0,0,0,0,0,0,0,0,0,0,0,0,0,0,0,0,0,0,0,0,0,0,0,0,0,0,0,0,0,0,0,0,0,0,0,0,0,0,0,0,49,0,0,0,0,0,0,37776,49,0,0,293,586,0,0,0,0,0,0,0,0,0,342,0,0,98,0,0,0,0,0,0,0,0,0,0,0,0,0,0,0,0,0,0,0,0,0,0,0,0,0,0,0,0,0,0,0,0,0,0,0,0,0,439,0,0,0,0,828
SN024,Senegal,Ziguinchor,Ziguinchor,Jola-Fony,0.289,Jola-Fony,Wolof,Mandinka,Fulah,Mandjak,Soce,Mankanya,Balanta-Ganja,Serer,Serer,1126,238216,0,1429,40020,0,0,12387,0,0,0,1191,0,31683,40497,0,0,0,0,0,0,0,0,0,0,0,0,0,0,0,0,0,0,0,0,0,0,0,0,1191,0,0,0,0,0,0,0,0,0,0,0,0,0,0,0,0,0,0,0,0,238,0,0,0,0,6670,0,68844,10005,0,0,3335,10958,0,0,0,0,0,0,0,0,0,3335,0,0,3097,0,0,0,0,0,0,0,0,0,0,0,0,0,0,0,0,0,0,0,0,0,0,0,0,0,0,0,0,0,0,0,0,0,0,0,0,0,1429,0,0,0,0,1907
SN007,Senegal,Diourbel,Bambey,Wolof,0.648,Wolof,Serer,Fulah,Others,Jola-Fony,Jola-Fony,Jola-Fony,.,.,.,1334,288679,0,0,0,0,0,0,0,0,0,0,0,5485,187064,0,0,0,0,0,0,0,0,0,0,0,0,0,0,0,0,0,0,0,0,0,0,0,0,0,0,0,0,0,0,0,0,0,0,0,0,0,0,0,0,0,0,0,0,0,0,0,0,0,0,0,0,289,0,0,0,94687,289,0,0,0,0,0,0,289,0,0,0,0,0,0,0,0,0,0,0,0,0,0,0,0,0,0,0,0,0,0,0,0,0,0,0,0,0,0,0,0,0,0,0,0,0,0,0,0,0,0,0,0,0,0,0,0,576
SN008,Senegal,Diourbel,Diourbel,Wolof,0.542,Wolof,Serer,Fulah,Bambara,Bambara,Bambara,Others,Mandinka,Mandinka,Mandinka,1287,265535,0,531,266,0,0,0,0,0,0,0,0,16463,143920,0,0,0,0,0,0,0,0,0,0,0,0,0,0,0,0,0,0,0,0,0,0,0,0,266,0,0,0,0,0,0,0,0,0,0,0,0,0,0,0,0,0,0,0,0,0,0,0,0,0,0,0,531,0,0,0,101965,266,0,0,0,0,0,0,266,0,0,0,0,0,0,0,0,0,0,0,0,0,0,0,0,0,0,0,0,0,0,0,0,0,0,0,0,0,0,0,0,0,0,0,0,0,0,0,0,0,0,0,531,0,0,0,0,530
SN009,Senegal,Diourbel,M'backe,Wolof,0.907,Wolof,Fulah,Fulah,Jola-Fony,Jola-Fony,Jola-Fony,Jola-Fony,Others,.,.,2242,899808,0,0,0,0,0,0,0,0,0,0,0,39592,816126,0,0,0,0,0,0,0,0,0,0,0,0,0,0,0,0,0,0,0,0,0,0,0,0,0,0,0,0,0,0,0,0,0,0,0,0,0,0,0,0,0,0,0,0,0,0,0,0,0,0,0,0,900,0,0,0,39592,900,0,0,0,0,0,0,900,0,0,0,0,0,0,0,0,0,0,0,0,0,0,0,0,0,0,0,0,0,0,0,0,0,0,0,0,0,0,0,0,0,0,0,0,0,0,0,0,0,0,0,900,0,0,0,0,898
SN006,Senegal,Matam,"Podor, Matam, Kanel, Linguere, Ranerou",Fulah,0.835,Fulah,Wolof,Soninke,Serer,Hassaniya Arabic,Others,Bambara,French,.,.,57784,1138172,0,2276,0,0,0,0,0,0,0,0,0,950374,132028,0,0,0,0,0,0,0,0,0,0,0,0,0,0,0,0,0,0,0,0,0,0,0,0,25040,0,0,0,0,0,0,0,0,0,0,0,0,0,0,0,0,0,0,0,0,0,0,0,0,0,0,0,0,0,0,0,15934,0,0,0,0,0,0,0,7967,0,0,0,0,0,0,0,0,0,0,0,0,0,0,0,0,0,0,0,0,0,0,0,0,0,0,0,0,0,0,0,0,0,0,0,0,0,0,0,0,0,0,0,1138,0,0,0,0,3415
SN012,Senegal,Saint-Louis,"Saint Louis, Dagana",Wolof,0.701,Wolof,Fulah,Hassaniya Arabic,Serer,Others,Jola-Fony,Bambara,Bambara,Bambara,Lebu Wolof,6085,520328,0,1561,520,0,0,0,0,0,0,0,0,121236,364750,1041,0,0,0,0,0,0,0,0,0,0,0,0,0,0,0,0,0,0,0,0,0,0,0,520,0,0,0,0,0,0,0,0,0,0,0,0,0,0,0,0,0,0,0,0,0,0,0,0,0,520,0,2081,0,0,0,3642,1561,0,0,0,0,0,0,19252,0,0,0,0,0,0,0,0,0,0,0,0,0,0,0,0,0,0,0,0,0,0,0,0,0,0,0,0,0,0,0,0,0,0,0,0,0,0,0,0,0,0,0,1561,0,0,0,0,2083
SN025,Senegal,Louga,Kebemer,Wolof,0.799,Wolof,Fulah,Serer,Hassaniya Arabic,Others,Jola-Fony,Jola-Fony,.,.,.,3948,248494,0,0,0,0,0,0,0,0,0,0,0,46220,198547,0,0,0,0,0,0,0,0,0,0,0,0,0,0,0,0,0,0,0,0,0,0,0,0,0,0,0,0,0,0,0,0,0,0,0,0,0,0,0,0,0,0,0,0,0,0,0,0,0,0,0,0,248,0,0,0,2485,0,0,0,0,0,0,0,497,0,0,0,0,0,0,0,0,0,0,0,0,0,0,0,0,0,0,0,0,0,0,0,0,0,0,0,0,0,0,0,0,0,0,0,0,0,0,0,0,0,0,0,248,0,0,0,0,249
SN026,Senegal,Louga,Louga,Wolof,0.705,Wolof,Fulah,Hassaniya Arabic,Serer,Serer,Others,Jola-Fony,Jola-Fony,Bambara,Bambara,5678,360750,0,361,0,0,0,361,0,0,0,0,0,95960,254329,0,0,0,0,0,0,0,0,0,0,0,0,0,0,0,0,0,0,0,0,0,0,0,0,361,0,0,0,0,0,0,0,0,0,0,0,0,0,0,0,0,0,0,0,0,0,0,0,0,0,0,0,722,0,0,0,1082,361,0,0,0,0,0,0,4329,722,0,0,0,0,0,0,0,0,0,0,0,0,0,0,0,0,0,0,0,0,0,0,0,0,0,0,0,0,0,0,0,0,0,0,0,0,0,0,0,0,0,0,1082,0,0,0,0,1080
SN010,Senegal,Tambacounda,"Bakel, Goudiry",Fulah,0.599,Fulah,Soninke,Jahanka,Wolof,Bambara,Mandinka,Mandinka,Hassaniya Arabic,Others,Serer,22356,229595,0,8725,3674,3674,0,0,0,0,0,11250,230,137528,10561,0,0,0,0,0,0,0,0,0,0,0,0,0,0,0,0,0,0,0,0,0,0,0,0,50740,0,0,0,0,0,0,0,0,0,0,0,0,0,0,0,0,0,0,0,0,0,0,0,0,0,0,0,230,0,0,0,459,0,0,0,0,0,0,0,918,0,0,0,0,0,0,0,0,0,0,0,0,0,0,0,0,0,0,0,0,0,0,0,0,0,0,0,0,0,0,0,0,0,0,0,0,0,0,0,230,0,0,0,459,0,0,0,0,917
SN011,Senegal,Tambacounda,"Tambacounda, Koupentoum",Fulah,0.498,Fulah,Wolof,Mandinka,Serer,Jahanka,Bambara,Soce,Soninke,Jola-Fony,Oniyan,20245,403649,0,17357,45612,404,0,0,0,0,0,18972,1211,201017,60547,0,0,0,0,0,0,0,0,0,0,0,0,0,0,0,0,0,0,0,0,0,0,0,0,9284,0,0,0,0,0,0,0,0,0,0,0,0,0,0,0,0,0,0,0,0,404,0,0,0,0,0,0,3633,807,0,0,23412,15339,0,0,0,0,0,0,807,0,0,0,0,0,0,0,0,0,0,0,0,0,0,0,0,0,0,0,0,0,0,0,0,0,0,0,0,0,0,0,0,2422,0,0,0,0,0,807,0,0,0,0,404,0,0,0,0,1210
SN018,Senegal,Kédougou,"Kedougou, Salemata, Saraya",Fulah,0.456,Fulah,Maninka,Jahanka,Jalunga,Oniyan,Mandinka,Wolof,Ménik,Bambara,Serer,16877,148182,0,2519,3408,41343,0,0,0,0,0,10076,8150,67571,3112,0,0,0,0,0,0,0,0,0,0,0,0,0,0,0,0,0,0,0,0,0,0,0,0,148,0,0,0,0,0,0,0,0,0,0,0,0,0,0,0,0,0,0,0,0,0,0,0,0,0,0,0,148,0,0,0,889,148,0,0,0,0,0,0,0,0,148,0,0,0,0,0,0,0,0,0,0,0,0,0,0,0,0,0,0,0,0,0,0,0,2667,0,0,0,0,0,0,6965,0,0,0,0,0,296,0,0,0,0,296,0,0,0,0,298
SN021,Senegal,Kaolack,Kaolack,Wolof,0.608,Wolof,Serer,Fulah,Bambara,Jola-Fony,Others,Soce,Soce,Soninke,Mandinka,1905,478285,0,17697,478,0,0,478,0,0,0,478,0,76047,290797,0,0,0,0,0,0,0,0,0,0,0,0,0,0,0,0,0,0,0,0,0,0,0,0,957,0,0,0,0,0,0,0,0,0,0,0,0,0,0,0,0,0,0,0,0,0,0,0,0,0,478,0,2870,0,0,0,80830,1913,0,0,0,0,0,0,478,0,0,0,0,0,0,0,0,0,0,0,0,0,0,0,0,0,0,0,0,0,0,0,0,0,0,0,0,0,0,0,0,0,0,0,0,0,0,0,0,0,0,0,1913,478,0,0,0,2393
SN017,Senegal,Kaolack,Nioro du Rip,Wolof,0.752,Wolof,Fulah,Serer,Soce,Bambara,Mandinka,Mandinka,Others,Balanta-Ganja,Balanta-Ganja,2327,349042,0,5934,1396,0,0,0,0,0,0,0,0,62479,262480,0,0,0,0,0,0,0,0,0,0,0,0,0,0,0,0,0,0,0,0,0,0,0,0,1396,0,0,0,0,0,0,0,0,0,0,0,0,0,0,0,0,0,0,0,0,0,0,0,0,0,349,0,349,0,0,0,6632,6283,0,0,0,0,0,0,349,349,0,0,0,0,0,0,0,0,0,0,0,0,0,0,0,0,0,0,0,0,0,0,0,0,0,0,0,0,0,0,0,0,0,0,0,0,0,0,0,0,0,0,349,0,0,0,0,697
SN019,Senegal,Fatick,Fatick,Serer,0.853,Serer,Wolof,Fulah,Bambara,Jola-Fony,Lebu Wolof,Soninke,Soninke,Soninke,Soninke,2623,322765,0,2582,0,0,0,0,0,0,0,0,0,11943,29694,646,0,0,0,0,0,0,0,0,0,0,0,0,0,0,0,0,0,0,0,0,0,0,0,323,0,0,0,0,0,0,0,0,0,0,0,0,0,0,0,0,0,0,0,0,0,0,0,0,0,0,0,968,0,0,0,275319,323,0,0,0,0,0,0,323,0,0,0,0,0,0,0,0,0,0,0,0,0,0,0,0,0,0,0,0,0,0,0,0,0,0,0,0,0,0,0,0,0,0,0,0,0,0,0,0,0,0,0,323,0,0,0,0,321
SN020,Senegal,Fatick,Foundiougne,Wolof,0.464,Wolof,Serer,Fulah,Soce,Bambara,Bambara,Jola-Fony,Jola-Fony,Soninke,Balanta-Ganja,2935,270610,0,6765,6765,0,0,0,0,0,0,0,0,23272,125563,0,0,0,0,0,0,0,0,0,0,0,0,0,0,0,0,0,0,0,0,0,0,0,0,541,0,0,0,0,0,0,0,0,0,0,0,0,0,0,0,0,0,0,0,0,0,0,0,0,0,271,0,1353,271,0,0,86866,17048,0,0,0,0,0,0,271,0,0,0,0,0,0,0,0,0,0,0,0,0,0,0,0,0,0,0,0,0,0,0,0,0,0,0,0,0,0,0,0,0,0,0,0,0,0,0,0,0,0,0,271,0,0,0,0,1353
SN004,Senegal,Kaffrine,"Kaffrine, Koungheul, Guinguineo, Birkelane, Gossas, Malem Hoddar",Wolof,0.665,Wolof,Fulah,Serer,Bambara,Soce,Others,Soninke,Soninke,Soninke,.,13599,752521,0,10535,0,0,0,0,0,0,0,0,0,129434,500426,0,0,0,0,0,0,0,0,0,0,0,0,0,0,0,0,0,0,0,0,0,0,0,0,753,0,0,0,0,0,0,0,0,0,0,0,0,0,0,0,0,0,0,0,0,0,0,0,0,0,0,0,753,0,0,0,103095,3763,0,0,0,0,0,0,753,0,0,0,0,0,0,0,0,0,0,0,0,0,0,0,0,0,0,0,0,0,0,0,0,0,0,0,0,0,0,0,0,0,0,0,0,0,0,0,0,0,0,0,0,0,0,0,0,3009
SN027,Senegal,Thiès,M'bour,Serer,0.42,Serer,Wolof,Fulah,Lebu Wolof,Jola-Fony,Bambara,Soce,French,Others,Mandjak,1890,639114,0,7030,1278,0,0,2556,0,0,0,0,0,56242,264593,12143,0,0,0,0,0,0,0,0,0,0,0,0,0,0,0,0,0,0,0,0,0,0,0,639,0,0,0,0,0,0,0,0,0,0,0,0,0,0,0,0,0,0,0,0,639,0,0,0,0,1278,0,8948,1278,0,0,268428,6391,0,0,0,0,0,0,1278,0,0,639,0,0,0,0,0,0,0,0,0,0,0,0,0,0,0,0,0,0,0,0,0,0,0,0,0,0,0,0,0,0,0,0,0,0,0,0,0,0,0,0,3196,0,0,0,0,2558
SN014,Senegal,Thiès,Thies,Wolof,0.724,Wolof,Serer,Fulah,Jola-Fony,Bambara,Others,Lebu Wolof,Lebu Wolof,Lebu Wolof,Mandjak,1603,651229,0,4559,651,0,0,1302,0,0,0,0,0,50145,471490,2605,0,0,0,0,0,0,0,0,0,0,0,0,0,0,0,0,0,0,0,0,0,0,0,1302,0,0,0,0,0,0,0,0,0,0,0,0,0,0,0,0,0,0,0,0,0,0,0,0,0,651,0,5861,651,0,0,103545,2605,0,0,0,0,0,0,651,0,0,0,0,0,0,0,0,0,0,0,0,0,0,0,0,0,0,0,0,0,0,0,0,0,0,0,0,0,0,0,0,0,0,0,0,0,0,0,0,0,0,0,2605,0,0,0,0,2606
SN015,Senegal,Thiès,Tivaouane,Wolof,0.828,Wolof,Fulah,Serer,Hassaniya Arabic,Bambara,Bambara,Bambara,Bambara,Mankanya,Mankanya,3084,442235,0,1327,0,0,0,0,0,0,0,0,0,40243,366171,0,0,0,0,0,0,0,0,0,0,0,0,0,0,0,0,0,0,0,0,0,0,0,0,0,0,0,0,0,0,0,0,0,0,0,0,0,0,0,0,0,0,0,0,0,0,0,0,0,0,0,0,1327,442,0,0,26976,1327,0,0,0,0,0,0,2211,442,0,0,0,0,0,0,0,0,0,0,0,0,0,0,0,0,0,0,0,0,0,0,0,0,0,0,0,0,0,0,0,0,0,0,0,0,0,0,0,0,0,0,442,0,0,0,0,1327
SN005,Senegal,Kolda,"Kolda, Medina Yoro Foulah",Fulah,0.712,Fulah,Wolof,Mandinka,Soninke,Balanta-Ganja,Soce,Jola-Fony,Serer,Jahanka,Bambara,8275,385980,0,1544,22001,0,0,1158,0,0,0,2316,386,274818,51721,386,0,0,0,0,0,0,0,0,0,0,0,0,0,0,0,0,0,0,0,0,0,0,0,7720,0,0,0,0,0,0,0,0,0,0,0,0,0,0,0,0,0,0,0,0,0,0,0,0,0,5790,0,4632,772,0,0,4246,5018,0,0,0,0,0,0,0,0,0,386,0,0,0,0,0,0,0,0,0,0,0,0,0,0,0,0,0,0,0,0,0,0,0,0,0,0,0,0,0,386,0,0,0,0,0,1158,0,0,0,0,386,0,0,0,0,1156
SN016,Senegal,Kolda,Velingara,Fulah,0.846,Fulah,Soninke,Mandinka,Badyara,Wolof,Jola-Fony,Bambara,Soce,Jahanka,Oniyan,5486,271719,0,2174,8967,543,0,0,0,0,0,1087,0,229875,4891,0,0,0,0,0,0,0,0,0,0,0,0,0,0,0,0,0,0,0,0,0,0,0,0,9782,0,0,0,0,0,0,0,0,0,0,0,0,0,0,0,0,0,0,0,0,0,0,0,0,0,543,0,2445,543,0,0,543,1630,0,0,0,0,0,0,0,272,0,272,6250,0,0,0,0,0,0,0,0,0,0,0,0,0,0,0,0,0,0,0,0,0,0,0,0,0,0,0,0,815,0,0,0,0,0,543,0,0,0,0,272,0,0,0,0,272
SN013,Senegal,Sédhiou,"Goudomp, Sedhiou, Bounkiling",Mandinka,0.405,Mandinka,Fulah,Balanta-Ganja,Jola-Fony,Mandjak,Wolof,Soce,Mankanya,Serer,Jahanka,7358,441727,0,2209,178899,442,0,27829,0,0,0,2650,0,107781,19436,0,0,0,0,0,0,0,0,0,0,0,0,0,0,0,0,0,0,0,0,0,0,0,0,442,0,0,0,0,0,0,0,0,0,0,0,0,0,0,0,0,0,0,0,0,0,0,0,0,0,47707,0,31363,4417,0,0,3534,11485,0,0,0,0,0,0,0,0,0,0,0,0,1767,0,0,0,0,0,0,0,0,0,0,0,0,0,0,0,0,0,0,0,0,0,0,0,0,0,0,0,0,0,0,0,0,442,0,0,0,0,442,0,0,0,0,882
SL001,Sierra Leone,Eastern,Kailahun,Mende,0.707,Mende,Kissi,Temne,Temne,Mandinka,Mandinka,Others,Limba,Foreigners,Loko,4151,526379,0,0,4737,0,0,0,0,0,0,0,0,4737,0,0,0,0,0,0,0,0,0,0,0,0,0,0,0,0,0,0,0,0,0,0,0,0,0,0,0,0,0,0,0,0,0,0,0,0,0,0,123699,5264,3158,526,372150,0,0,0,526,0,526,0,0,0,0,0,0,0,0,0,0,0,0,0,0,0,0,0,0,0,0,0,0,0,0,0,0,0,0,0,0,0,0,0,0,5264,0,0,0,0,0,0,0,0,0,0,0,0,0,0,0,0,0,526,0,0,0,0,0,0,0,0,0,526,1579,0,3161
SL002,Sierra Leone,Eastern,Kenema,Mende,0.834,Mende,Temne,Fulah,Mandinka,Limba,Kissi,Susu,Kono,Kono,Loko,6217,609891,0,0,13418,0,0,0,0,0,0,0,0,18907,0,0,0,0,0,0,0,0,0,0,0,0,0,0,0,0,0,0,0,0,0,0,0,0,0,0,0,0,0,0,0,0,0,0,0,0,0,0,5489,29275,10978,3049,508649,0,0,0,4269,610,2440,0,0,0,0,0,0,0,0,0,0,0,0,0,0,0,0,0,0,0,0,0,0,0,0,0,0,0,0,0,0,0,0,0,0,3659,0,0,0,0,0,0,0,0,0,0,0,0,0,0,0,0,0,3049,0,0,0,0,0,0,0,0,0,1830,3659,0,610
SL003,Sierra Leone,Eastern,Kono,Kono,0.612,Kono,Temne,Kissi,Koranko,Limba,Fulah,Mandinka,Mende,Foreigners,Susu,5377,506100,0,0,17207,0,0,0,0,0,0,0,0,19232,0,0,0,0,0,0,0,0,0,0,0,0,0,0,0,0,0,0,0,0,0,0,0,0,0,0,0,0,0,0,0,0,0,0,0,0,0,0,32897,43525,22775,2024,16701,0,0,0,2531,2024,30366,0,0,0,0,0,0,0,0,0,0,0,0,0,0,0,0,0,0,0,0,0,0,0,0,0,0,0,0,0,0,0,0,0,0,309733,0,0,0,0,0,0,0,0,0,0,0,0,0,0,0,0,0,1012,0,0,0,0,0,0,0,0,0,1518,3543,0,1012
SL004,Sierra Leone,Northern,Bombali,Temne,0.45,Temne,Limba,Loko,Susu,Fulah,Mandinka,Mende,Koranko,Kono,Kono,8216,606544,0,0,22442,0,0,0,0,0,0,0,0,26688,0,0,0,0,0,0,0,0,0,0,0,0,0,0,0,0,0,0,0,0,0,0,0,0,0,0,0,0,0,0,0,0,0,0,0,0,0,0,607,272945,150423,73998,8492,0,0,0,39425,607,3639,0,0,0,0,0,0,0,0,0,0,0,0,0,0,0,0,0,0,0,0,0,0,0,0,0,0,0,0,0,0,0,0,0,0,1820,0,0,0,0,0,0,0,0,0,0,0,0,0,0,0,0,0,607,0,0,0,0,0,0,0,0,0,1820,1820,0,1211
SL005,Sierra Leone,Northwestern,Kambia,Temne,0.548,Temne,Susu,Limba,Sherbro,Fulah,Mende,Mandinka,Foreigners,Others,Loko,3083,345474,0,0,1727,0,0,0,0,0,0,0,0,5873,0,0,0,0,0,0,0,0,0,0,0,0,0,0,0,0,0,0,0,0,0,0,0,0,0,0,0,0,0,0,0,0,0,0,0,0,0,0,0,189320,61840,691,2418,0,0,0,71859,0,345,0,0,0,0,0,0,0,0,0,0,0,0,0,0,0,0,0,0,0,0,0,0,0,0,0,0,0,0,0,0,0,0,0,0,345,0,0,0,0,0,0,0,0,0,0,0,0,0,0,0,0,0,8291,0,0,0,0,0,0,0,0,0,345,1382,0,1038
SL006,Sierra Leone,Northern,Koinadugu,Koranko,0.513,Koranko,Limba,Fulah,Yalunka,Mandinka,Temne,Mende,Kono,Kono,Susu,12398,409372,0,0,22106,0,0,0,0,0,0,0,0,48715,0,0,0,0,0,0,0,0,0,0,0,0,0,0,0,0,0,0,0,0,0,0,0,0,0,0,0,0,0,0,0,0,0,0,0,0,0,0,409,13919,64681,409,1637,0,0,0,819,43393,210008,0,0,0,0,0,0,0,0,0,0,0,0,0,0,0,0,0,0,0,0,0,0,0,0,0,0,0,0,0,0,0,0,0,0,1228,0,0,0,0,0,0,0,0,0,0,0,0,0,0,0,0,0,0,0,0,0,0,0,0,0,0,0,409,1228,0,411
SL007,Sierra Leone,Northwestern,Port Loko,Temne,0.844,Temne,Susu,Limba,Mende,Fulah,Mandinka,Loko,Krio,Kono,Kono,5949,615376,0,0,4923,0,0,0,0,0,0,0,0,9231,0,0,0,0,0,0,0,0,0,0,0,0,0,0,0,0,0,0,0,0,0,0,0,0,0,0,0,0,0,0,0,0,0,0,0,0,0,0,615,519377,25230,4308,10461,0,0,0,32000,0,1231,0,0,0,0,0,0,0,0,0,0,0,0,0,0,0,0,0,0,0,0,0,0,0,0,0,0,0,0,0,0,0,0,0,0,1846,0,0,0,0,0,0,0,0,0,0,0,0,0,0,0,0,0,1846,0,0,0,0,0,0,0,0,0,2462,1231,0,615
SL008,Sierra Leone,Northern,Tonkolili,Temne,0.815,Temne,Limba,Koranko,Fulah,Fulah,Mandinka,Loko,Loko,Loko,Others,6363,531435,0,0,1594,0,0,0,0,0,0,0,0,4783,0,0,0,0,0,0,0,0,0,0,0,0,0,0,0,0,0,0,0,0,0,0,0,0,0,0,0,0,0,0,0,0,0,0,0,0,0,0,0,433120,43046,1063,4783,0,0,0,531,0,38795,0,0,0,0,0,0,0,0,0,0,0,0,0,0,0,0,0,0,0,0,0,0,0,0,0,0,0,0,0,0,0,0,0,0,1063,0,0,0,0,0,0,0,0,0,0,0,0,0,0,0,0,0,531,0,0,0,0,0,0,0,0,0,1063,531,0,532
SL009,Sierra Leone,Southern,Bo,Mende,0.819,Mende,Temne,Fulah,Mandinka,Limba,Sherbro,Loko,Loko,Loko,Krio,5582,575478,0,0,14962,0,0,0,0,0,0,0,0,16113,0,0,0,0,0,0,0,0,0,0,0,0,0,0,0,0,0,0,0,0,0,0,0,0,0,0,0,0,0,0,0,0,0,0,0,0,0,0,1726,38557,9783,3453,471316,0,0,0,3453,575,1151,0,0,0,0,0,0,0,0,0,0,0,0,0,0,0,0,0,0,0,0,0,0,0,0,0,0,0,0,0,0,0,0,0,0,2302,0,0,0,0,0,0,0,0,0,0,0,0,0,0,0,0,0,5179,0,0,0,0,0,0,0,0,0,2877,3453,0,578
SL010,Sierra Leone,Southern,Bonthe,Mende,0.724,Mende,Sherbro,Krim,Temne,Fulah,Susu,Susu,Mandinka,Mandinka,Kono,3695,200781,0,0,602,0,0,0,0,0,0,0,0,2008,0,0,0,0,0,0,0,0,0,0,0,0,0,0,0,0,0,0,0,0,0,0,0,0,0,0,0,0,0,0,0,0,0,0,0,0,0,0,201,3212,602,201,145365,0,0,0,803,0,201,0,0,0,0,0,0,0,0,0,0,0,0,0,0,0,0,0,0,0,0,0,0,0,0,0,0,0,0,0,0,0,0,13252,0,402,0,0,0,0,0,0,0,0,0,0,0,0,0,0,0,0,0,32527,0,0,0,0,0,0,0,0,0,803,201,0,401
SL011,Sierra Leone,Southern,Moyamba,Mende,0.554,Mende,Temne,Sherbro,Fulah,Loko,Loko,Mandinka,Limba,Kono,Krio,6959,318588,0,0,2549,0,0,0,0,0,0,0,0,4779,0,0,0,0,0,0,0,0,0,0,0,0,0,0,0,0,0,0,0,0,0,0,0,0,0,0,0,0,0,0,0,0,0,0,0,0,0,0,319,71045,2230,3186,176498,0,0,0,3186,0,319,0,0,0,0,0,0,0,0,0,0,0,0,0,0,0,0,0,0,0,0,0,0,0,0,0,0,0,0,0,0,0,0,0,0,1274,0,0,0,0,0,0,0,0,0,0,0,0,0,0,0,0,0,50655,0,0,0,0,0,0,0,0,0,956,637,0,955
SL012,Sierra Leone,Southern,Pujehun,Mende,0.958,Mende,Fulah,Fulah,Mandinka,Mandinka,Limba,Limba,Limba,Others,Kissi,3895,346461,0,0,1386,0,0,0,0,0,346,0,0,2425,0,0,0,0,0,0,0,0,0,0,0,0,0,0,0,0,0,0,0,0,0,0,0,0,0,0,0,0,0,0,0,0,0,0,0,0,0,0,693,2425,1039,346,331910,0,0,0,346,0,1039,0,0,0,0,0,0,0,0,0,0,0,0,0,0,0,0,0,0,0,0,0,0,0,0,0,0,0,0,0,0,0,0,1386,0,346,0,0,0,0,0,0,0,0,0,0,0,0,0,0,0,0,0,693,0,0,0,0,0,0,0,0,0,346,1039,0,696
SL013,Sierra Leone,Western,Western Area Rural,Temne,0.474,Temne,Mende,Limba,Fulah,Loko,Krio,Sherbro,Mandinka,Susu,Kono,635,444270,0,0,11995,0,0,0,0,0,0,0,0,27100,0,0,0,0,0,0,0,0,0,0,0,0,0,0,0,0,0,0,0,0,0,0,0,0,0,0,0,0,0,0,0,0,0,0,0,0,0,0,2666,210584,50203,19992,56867,0,0,0,11107,1333,6664,0,0,0,0,0,0,0,0,0,0,0,0,0,0,0,0,0,0,0,0,0,0,0,0,0,0,0,0,0,0,0,0,0,0,10662,0,0,0,0,0,0,0,0,0,0,0,0,0,0,0,0,0,14217,0,0,0,0,0,0,0,0,0,15105,3998,0,1777
SL014,Sierra Leone,Western,Western Area Urban,Temne,0.373,Temne,Mende,Limba,Fulah,Krio,Loko,Mandinka,Susu,Kono,Koranko,83,1055964,0,0,41183,0,0,0,0,0,0,0,0,77085,0,0,0,0,0,0,0,0,0,0,0,0,0,0,0,0,0,0,0,0,0,0,0,0,0,0,0,0,0,0,0,0,0,0,0,0,0,0,6336,393875,148891,52798,154171,0,0,0,32735,3168,16895,0,0,0,0,0,0,0,0,0,0,0,0,0,0,0,0,0,0,0,0,0,0,0,0,0,0,0,0,0,0,0,0,0,0,24287,0,0,0,0,0,0,0,0,0,0,0,0,0,0,0,0,0,15839,0,0,0,0,0,0,0,0,0,65470,13728,0,9503
LB001,Liberia,Liberia,Liberia,Kpelle,0.2023,Kpelle,Bassa,Grebo,Go,Mano,Kru,Loma,Krahn,Kissi,Mandinka,95918,5250187,0,0,220168,0,0,0,0,0,200725,0,0,0,0,0,0,0,0,0,0,0,0,0,0,0,0,0,0,0,0,0,0,0,0,0,0,0,0,0,0,0,286922,517194,714035,36536,238514,55011,0,0,0,0,227654,0,0,0,87972,199593,154335,253728,0,0,0,0,0,0,0,0,0,0,0,0,0,0,0,0,0,0,0,0,0,0,0,0,0,0,0,0,0,0,0,16070,0,413772,0,0,0,0,0,1062102,377436,0,0,0,0,0,0,0,0,0,0,0,0,0,0,0,0,0,0,0,0,0,0,0,0,0,0,166471,21949
CI001,Côte d'Ivoire,Côte d'Ivoire,Côte d'Ivoire,Akan,0.3803,Akan,North Mande,Gur,Kru,South Mande,Others,Unknown,.,.,.,321547,22924530,0,0,0,0,0,0,0,5036063,1979228,0,0,0,0,0,8719232,0,0,0,0,0,0,0,0,0,0,0,0,0,0,5028720,0,0,0,0,0,0,0,0,0,0,2092097,0,0,0,0,0,0,0,0,0,0,0,0,0,0,0,0,0,0,0,0,0,0,0,0,0,0,0,0,0,0,0,0,0,0,0,0,0,0,0,0,0,0,0,0,0,0,0,0,0,0,0,0,0,0,0,0,0,0,0,0,0,0,0,0,0,0,0,0,0,0,0,0,0,0,0,0,0,0,0,0,0,0,0,0,11052,58138
GB001,Guinea-Bissau,Tombali,Tombali,Balanta-Ganja,0.4691,Balanta-Ganja,Fulah,Nalu,Beafada,Mandinka,Susu,Papel,Sem,Bijagos,Mandjak,3465,94752,0,0,4611,0,0,1095,0,0,0,0,0,19829,0,0,0,0,0,0,0,0,0,0,0,0,0,0,0,0,0,0,0,0,0,0,0,0,0,135,0,0,0,0,0,0,0,0,0,0,0,0,0,0,0,0,0,0,0,0,2839,0,0,0,1225,44445,156,61,0,1511,294,0,0,0,0,0,0,0,0,0,0,0,0,0,0,0,0,0,0,5421,0,0,0,0,0,0,0,0,0,0,0,0,0,747,0,0,0,0,0,11037,0,0,0,0,1277,0,0,0,0,0,0,0,0,0,0,0,0,0,69
GB002,Guinea-Bissau,Quinara,Quinara,Beafada,0.3667,Beafada,Balanta-Ganja,Fulah,Mandinka,Mansoanca,Papel,Mandjak,Bijagos,Mancanha,Sem,2956,64278,0,0,3224,0,0,1749,0,0,0,0,0,5077,0,0,0,0,0,0,0,0,0,0,0,0,0,0,0,0,0,0,0,0,0,0,0,0,0,50,0,0,0,0,0,0,0,0,0,0,0,0,0,0,0,0,0,0,0,0,186,0,0,0,1581,22615,18,67,0,2214,794,0,0,0,0,0,0,0,0,0,0,0,0,0,0,0,0,0,0,23571,0,0,0,0,0,0,0,0,0,0,0,0,0,2349,0,0,0,0,0,231,0,0,0,0,535,0,0,0,0,0,0,0,0,0,0,0,0,0,17
GB003,Guinea-Bissau,Oio,Oio,Balanta-Ganja,0.4364,Balanta-Ganja,Mandinka,Fulah,Mansoanca,Mandjak,Balanta-Mane,Beafada,Papel,Mancanha,Sem,5472,226846,0,0,74709,0,0,6929,0,0,0,0,0,25326,0,0,0,0,0,0,0,0,0,0,0,0,0,0,0,0,0,0,0,0,0,0,0,0,0,462,0,0,0,0,0,0,0,0,0,0,0,0,0,0,0,0,0,0,0,0,118,0,0,0,155,98998,4784,167,0,1676,1469,0,0,0,0,0,0,0,0,0,0,0,0,0,0,0,0,0,0,2309,0,0,0,0,0,0,0,0,0,0,0,0,0,8480,0,0,0,0,0,58,0,0,0,0,1159,0,0,0,0,0,0,0,0,0,0,0,0,0,47
GB004,Guinea-Bissau,Biombo,Biombo,Papel,0.6474,Papel,Balanta-Ganja,Fulah,Mancanha,Mandjak,Mandinka,Jola-Fony,Bijagos,Mansoanca,Sem,757,99947,0,0,1621,0,0,2682,0,0,0,0,0,4384,0,0,0,0,0,0,0,0,0,0,0,0,0,0,0,0,0,0,0,0,0,0,0,0,0,81,0,0,0,0,0,0,0,0,0,0,0,0,0,0,0,0,0,0,0,0,65,0,0,0,916,19396,163,1003,0,64710,2739,0,0,0,0,0,0,0,0,0,0,0,0,0,0,0,0,0,0,486,0,0,0,0,0,0,0,0,0,0,0,0,0,764,0,0,0,0,0,58,0,0,0,0,660,0,0,0,0,0,0,0,0,0,0,0,0,0,219
GB005,Guinea-Bissau,Bolama/Bijagos,Bolama/Bijagos,Bijagos,0.6431,Bijagos,Beafada,Papel,Mancanha,Mandinka,Balanta-Ganja,Fulah,Mandjak,Sem,Susu,1542,33385,0,0,1519,0,0,928,0,0,0,0,0,1199,0,0,0,0,0,0,0,0,0,0,0,0,0,0,0,0,0,0,0,0,0,0,0,0,0,57,0,0,0,0,0,0,0,0,0,0,0,0,0,0,0,0,0,0,0,0,127,0,0,0,21471,1457,5,114,0,1875,1741,0,0,0,0,0,0,0,0,0,0,0,0,0,0,0,0,0,0,2082,0,0,0,0,0,0,0,0,0,0,0,0,0,62,0,0,0,0,0,58,0,0,0,0,625,0,0,0,0,0,0,0,0,0,0,0,0,0,65
GB006,Guinea-Bissau,Bafata,Bafata,Fulah,0.6002,Fulah,Mandinka,Balanta-Ganja,Mandjak,Sem,Beafada,Papel,Soninke,Mansoanca,Mancanha,5853,211662,0,0,48431,0,0,4755,0,0,0,0,0,127037,0,0,0,0,0,0,0,0,0,0,0,0,0,0,0,0,0,0,0,0,0,0,0,0,0,2029,0,0,0,0,0,0,0,0,0,0,0,0,0,0,0,0,0,0,0,0,272,0,0,0,214,17012,587,153,0,2316,833,0,0,0,0,0,0,0,0,0,0,0,0,0,0,0,0,0,0,2713,0,0,0,0,0,0,0,0,0,0,0,0,0,1985,0,0,0,0,0,58,0,0,0,0,3075,0,0,0,0,0,0,0,0,0,0,0,0,0,192
GB007,Guinea-Bissau,Gabu,Gabu,Fulah,0.7957,Fulah,Mandinka,Balanta-Ganja,Sem,Soninke,Mandjak,Mansoanca,Beafada,Papel,Mancanha,9063,219811,0,0,31142,0,0,983,0,0,0,0,0,174903,0,0,0,0,0,0,0,0,0,0,0,0,0,0,0,0,0,0,0,0,0,0,0,0,0,1428,0,0,0,0,0,0,0,0,0,0,0,0,0,0,0,0,0,0,0,0,221,0,0,0,424,4007,164,59,0,565,485,0,0,0,0,0,0,0,0,0,0,0,0,0,0,0,0,0,0,658,0,0,0,0,0,0,0,0,0,0,0,0,0,970,0,0,0,0,0,58,0,0,0,0,3474,0,0,0,0,0,0,0,0,0,0,0,0,0,270
GB008,Guinea-Bissau,Cacheu,Cacheu,Mandjak,0.3678,Mandjak,Balanta-Ganja,Jola-Fony,Mandinka,Fulah,Mancanha,Balanta-Mane,Papel,Sem,Mansoanca,4783,192010,0,0,11951,0,0,70627,0,0,0,0,0,9534,0,0,0,0,0,0,0,0,0,0,0,0,0,0,0,0,0,0,0,0,0,0,0,0,0,298,0,0,0,0,0,0,0,0,0,0,0,0,0,0,0,0,0,0,0,0,111,0,0,0,271,55345,7367,17429,0,4386,8660,0,0,0,0,0,0,0,0,0,0,0,0,0,0,0,0,0,0,776,0,0,0,0,0,0,0,0,0,0,0,0,0,1094,0,0,0,0,0,58,0,0,0,0,3945,0,0,0,0,0,0,0,0,0,0,0,0,0,158
GB009,Guinea-Bissau,Sector Autonomo de Bissau,Sector Autonomo de Bissau,Balanta-Ganja,0.2049,Balanta-Ganja,Fulah,Papel,Mandinka,Mandjak,Mancanha,Sem,Beafada,Jola-Fony,Bijagos,83,404396,0,0,49998,0,0,37948,0,0,0,0,0,72938,0,0,0,0,0,0,0,0,0,0,0,0,0,0,0,0,0,0,0,0,0,0,0,0,0,3488,0,0,0,0,0,0,0,0,0,0,0,0,0,0,0,0,0,0,0,0,1762,0,0,0,5703,82864,2048,7426,0,63348,31944,0,0,0,0,0,0,0,0,0,0,0,0,0,0,0,0,0,0,16268,0,0,0,0,0,0,0,0,0,0,0,0,0,5466,0,0,0,0,0,58,0,0,0,0,20223,0,0,0,0,0,0,0,0,0,0,0,0,0,2914
GM001,Gambia,Banjul,Banjul,Fulah,0.247,Fulah,Wolof,Mandinka,Serer,Jola-Fony,Bambara,Bambara,Soninke,Others,Mandjak,7,21982,0,835,4440,0,0,242,0,0,0,0,0,5430,5386,0,0,0,0,0,0,0,0,0,0,0,0,0,0,0,0,0,0,0,0,0,0,0,0,637,0,0,0,0,0,0,0,0,0,0,0,0,0,0,0,0,0,0,0,0,0,0,0,0,0,0,0,1209,0,0,0,2616,0,0,0,0,0,0,0,0,0,0,0,0,0,0,0,0,0,0,0,0,0,0,0,0,0,0,0,0,0,0,0,0,0,0,0,0,0,0,0,0,0,0,0,0,0,0,0,0,0,0,0,0,0,835,0,0,352
GM002,Gambia,Kanifing,Kanifing,Mandinka,0.315,Mandinka,Fulah,Jola-Fony,Wolof,Soninke,Serer,Mandjak,Others,Krio,Bambara,65,341915,0,3761,107703,0,0,9574,0,0,0,0,0,63254,48210,0,0,0,0,0,0,0,0,0,0,0,0,0,0,0,0,0,0,0,0,0,0,0,0,32482,0,0,0,0,0,0,0,0,0,0,0,0,0,0,0,0,0,0,0,0,0,0,0,0,0,0,0,50603,0,0,0,15386,0,0,0,0,0,0,0,0,0,0,0,0,0,0,0,0,0,0,0,0,0,0,0,0,0,0,0,0,0,0,0,0,0,0,0,0,0,0,0,0,0,0,0,0,0,0,0,0,0,0,0,0,0,4787,0,0,6155
GM003,Gambia,Brikama,Brikama,Mandinka,0.403,Mandinka,Fulah,Jola-Fony,Wolof,Soninke,Serer,Mandjak,Others,Bambara,Krio,1746,1095708,0,7670,441570,0,0,25201,0,0,0,0,0,230099,131485,0,0,0,0,0,0,0,0,0,0,0,0,0,0,0,0,0,0,0,0,0,0,0,0,48211,0,0,0,0,0,0,0,0,0,0,0,0,0,0,0,0,0,0,0,0,0,0,0,0,0,0,0,162165,0,0,0,27393,0,0,0,0,0,0,0,0,0,0,0,0,0,0,0,0,0,0,0,0,0,0,0,0,0,0,0,0,0,0,0,0,0,0,0,0,0,0,0,0,0,0,0,0,0,0,0,0,0,0,0,0,0,4383,0,0,17531
GM004,Gambia,Mansakonko,Mansakonko,Mandinka,0.506,Mandinka,Fulah,Wolof,Soninke,Jola-Fony,Mandjak,Bambara,Bambara,Others,Krio,1500,88251,0,530,44655,0,0,618,0,0,0,0,0,31594,5648,0,0,0,0,0,0,0,0,0,0,0,0,0,0,0,0,0,0,0,0,0,0,0,0,3265,0,0,0,0,0,0,0,0,0,0,0,0,0,0,0,0,0,0,0,0,0,0,0,0,0,0,0,971,0,0,0,530,0,0,0,0,0,0,0,0,0,0,0,0,0,0,0,0,0,0,0,0,0,0,0,0,0,0,0,0,0,0,0,0,0,0,0,0,0,0,0,0,0,0,0,0,0,0,0,0,0,0,0,0,0,88,0,0,352
GM005,Gambia,Kerewan,Kerewan,Wolof,0.346,Wolof,Mandinka,Fulah,Serer,Bambara,Mandjak,Others,Jola-Fony,Soninke,Krio,2250,242024,0,12101,65831,0,0,1936,0,0,0,0,0,54455,83740,0,0,0,0,0,0,0,0,0,0,0,0,0,0,0,0,0,0,0,0,0,0,0,0,1452,0,0,0,0,0,0,0,0,0,0,0,0,0,0,0,0,0,0,0,0,0,0,0,0,0,0,0,1694,0,0,0,18878,0,0,0,0,0,0,0,0,0,0,0,0,0,0,0,0,0,0,0,0,0,0,0,0,0,0,0,0,0,0,0,0,0,0,0,0,0,0,0,0,0,0,0,0,0,0,0,0,0,0,0,0,0,242,0,0,1695
GM006,Gambia,Kuntaur,Kuntaur,Fulah,0.417,Fulah,Wolof,Mandinka,Bambara,Bambara,Serer,Soninke,Soninke,Mandjak,.,1632,116164,0,581,25440,0,0,116,0,0,0,0,0,48440,40077,0,0,0,0,0,0,0,0,0,0,0,0,0,0,0,0,0,0,0,0,0,0,0,0,232,0,0,0,0,0,0,0,0,0,0,0,0,0,0,0,0,0,0,0,0,0,0,0,0,0,0,0,232,0,0,0,465,0,0,0,0,0,0,0,0,0,0,0,0,0,0,0,0,0,0,0,0,0,0,0,0,0,0,0,0,0,0,0,0,0,0,0,0,0,0,0,0,0,0,0,0,0,0,0,0,0,0,0,0,0,0,0,0,581
GM007,Gambia,Janjanbureh,Janjanbureh,Fulah,0.415,Fulah,Wolof,Mandinka,Soninke,Bambara,Bambara,Others,Serer,Mandjak,.,1405,145133,0,726,33090,0,0,290,0,0,0,0,0,60230,39912,0,0,0,0,0,0,0,0,0,0,0,0,0,0,0,0,0,0,0,0,0,0,0,0,8853,0,0,0,0,0,0,0,0,0,0,0,0,0,0,0,0,0,0,0,0,0,0,0,0,0,0,0,726,0,0,0,581,0,0,0,0,0,0,0,0,0,0,0,0,0,0,0,0,0,0,0,0,0,0,0,0,0,0,0,0,0,0,0,0,0,0,0,0,0,0,0,0,0,0,0,0,0,0,0,0,0,0,0,0,0,0,0,0,725
GM008,Gambia,Basse,Basse,Soninke,0.371,Soninke,Fulah,Mandinka,Bambara,Bambara,Jola-Fony,Serer,Others,Mandjak,.,2079,254889,0,1529,72134,0,0,255,0,0,0,0,0,83094,1529,0,0,0,0,0,0,0,0,0,0,0,0,0,0,0,0,0,0,0,0,0,0,0,0,94564,0,0,0,0,0,0,0,0,0,0,0,0,0,0,0,0,0,0,0,0,0,0,0,0,0,0,0,765,0,0,0,510,0,0,0,0,0,0,0,0,0,0,0,0,0,0,0,0,0,0,0,0,0,0,0,0,0,0,0,0,0,0,0,0,0,0,0,0,0,0,0,0,0,0,0,0,0,0,0,0,0,0,0,0,0,0,0,0,509
BF001,Burkina Faso,Boucle Du Mouhoun,Balé,Mooré,0.292,Mooré,Bwamu,Marka,Fulah,Others,Ko,Nuna,Bambara,Bobo,Samo,4543,297468,0,10709,0,0,0,0,49082,0,0,0,0,20823,0,0,0,0,0,0,0,0,0,0,0,0,0,0,0,0,0,0,0,0,0,2677,75557,0,0,0,0,0,0,0,0,0,0,0,0,0,0,0,0,0,0,0,0,0,0,0,0,0,0,0,0,0,0,0,0,0,0,0,0,0,0,0,0,0,0,0,0,0,0,0,0,0,0,0,0,0,0,0,0,0,0,0,19038,0,0,0,0,0,0,0,0,0,0,0,86861,0,0,12196,0,297,0,0,0,0,0,0,0,0,0,0,0,0,0,0,20228
BF002,Burkina Faso,Boucle Du Mouhoun,Banwa,Mooré,0.515,Mooré,Bobo,Bwamu,Marka,Fulah,Bambara,Bambara,Others,Dogon,.,5905,346989,0,12492,0,0,0,0,19431,0,0,0,0,18390,0,0,0,0,0,0,0,0,0,0,0,0,0,0,0,0,0,0,0,0,0,57947,35046,0,0,0,0,0,0,0,0,0,0,0,2776,0,0,0,0,0,0,0,0,0,0,0,0,0,0,0,0,0,0,0,0,0,0,0,0,0,0,0,0,0,0,0,0,0,0,0,0,0,0,0,0,0,0,0,0,0,0,0,0,0,0,0,0,0,0,0,0,0,0,0,178699,0,0,0,0,12492,0,0,0,0,0,0,0,0,0,0,0,0,0,0,9716
BF003,Burkina Faso,Boucle Du Mouhoun,Kossi,Bwamu,0.296,Bwamu,Bambara,Marka,Fulah,Dogon,Dogon,Others,Samo,Bobo,.,7477,357089,0,82845,0,0,0,0,53206,0,0,0,0,34281,0,0,0,0,0,0,0,0,0,0,0,0,0,0,0,0,0,0,0,0,0,2500,105698,0,0,0,0,0,0,0,0,0,0,0,29995,0,0,0,0,0,0,0,0,0,0,0,0,0,0,0,0,0,0,0,0,0,0,0,0,0,0,0,0,0,0,0,0,0,0,0,0,0,0,0,0,0,0,0,0,0,0,0,0,0,0,0,0,0,0,0,0,0,0,0,29995,0,0,0,0,5713,0,0,0,0,0,0,0,0,0,0,0,0,0,0,12856
BF004,Burkina Faso,Boucle Du Mouhoun,Mouhoun,Mooré,0.304,Mooré,Marka,Bwamu,Nuna,Bambara,Fulah,Others,Samo,Bobo,Ko,6878,391561,0,30150,0,0,0,0,103372,0,0,0,0,25060,0,0,0,0,0,0,0,0,0,0,0,0,0,0,0,0,0,0,0,0,0,1958,65391,0,0,0,0,0,0,0,0,0,0,0,0,0,0,0,0,0,0,0,0,0,0,0,0,0,0,0,0,0,0,0,0,0,0,0,0,0,0,0,0,0,0,0,0,0,0,0,0,0,0,0,0,0,0,0,0,0,0,0,392,0,0,0,0,0,0,0,0,0,0,0,119035,0,0,30933,0,3524,0,0,0,0,0,0,0,0,0,0,0,0,0,0,11746
BF005,Burkina Faso,Boucle Du Mouhoun,Nayala,Samo,0.466,Samo,Mooré,Marka,Others,Fulah,Bambara,Nuna,Bwamu,.,.,3721,223151,0,2678,0,0,0,0,41060,0,0,0,0,7810,0,0,0,0,0,0,0,0,0,0,0,0,0,0,0,0,0,0,0,0,0,0,223,0,0,0,0,0,0,0,0,0,0,0,0,0,0,0,0,0,0,0,0,0,0,0,0,0,0,0,0,0,0,0,0,0,0,0,0,0,0,0,0,0,0,0,0,0,0,0,0,0,0,0,0,0,0,0,0,0,0,0,0,0,0,0,0,0,0,0,0,0,0,0,50878,0,0,1339,0,103988,0,0,0,0,0,0,0,0,0,0,0,0,0,0,15175
BF006,Burkina Faso,Boucle Du Mouhoun,Sourou,Samo,0.509,Samo,Mooré,Bambara,Marka,Fulah,Others,Bobo,Bobo,Bobo,.,6022,285011,0,25936,0,0,0,0,22801,0,0,0,0,16246,0,0,0,0,0,0,0,0,0,0,0,0,0,0,0,0,0,0,0,0,0,285,285,0,0,0,0,0,0,0,0,0,0,0,285,0,0,0,0,0,0,0,0,0,0,0,0,0,0,0,0,0,0,0,0,0,0,0,0,0,0,0,0,0,0,0,0,0,0,0,0,0,0,0,0,0,0,0,0,0,0,0,0,0,0,0,0,0,0,0,0,0,0,0,64983,0,0,0,0,145071,0,0,0,0,0,0,0,0,0,0,0,0,0,0,9119
BF007,Burkina Faso,Cascades,Comoé,Mooré,0.25,Mooré,Bambara,Others,Karaboro,Gouin,Fulah,Turka,Senoufo,Senoufo,Senoufo,15462,633043,0,121544,0,0,0,0,0,0,0,0,0,48111,0,0,0,0,0,0,0,0,0,0,0,0,0,0,0,0,0,0,0,6963,0,6330,0,0,0,0,0,0,0,0,0,0,0,0,0,0,0,0,0,0,0,0,0,0,0,0,0,0,0,0,0,0,0,0,0,0,0,0,0,0,0,0,0,0,86094,0,0,0,0,0,0,0,0,0,0,0,0,0,0,0,76598,0,0,0,0,0,0,0,0,0,0,0,0,0,158261,0,0,0,0,0,0,0,6963,29120,0,0,0,0,0,6963,0,0,0,0,86096
BF008,Burkina Faso,Cascades,Léraba,Senoufo,0.61,Senoufo,Bambara,Turka,Others,Fulah,Mooré,French,Gouin,Bobo,Bobo,3112,179423,0,24940,0,0,0,0,0,0,0,0,0,7715,0,0,0,0,0,0,0,0,0,0,0,0,0,0,0,0,0,0,0,109448,0,179,0,0,0,0,0,0,0,0,0,0,0,0,0,0,0,0,0,0,0,0,0,0,0,0,0,0,0,0,0,0,0,0,0,0,0,0,0,0,0,0,0,0,179,0,0,0,0,0,0,0,0,0,0,0,0,0,0,0,359,0,0,0,0,0,0,0,0,0,0,0,0,0,2332,0,0,0,0,0,0,0,179,17404,0,0,0,0,0,1435,0,0,0,0,15253
BF009,Burkina Faso,Centre,Kadiogo,Mooré,0.806,Mooré,French,Others,Bambara,Fulah,Bissa,.,.,.,.,2869,3030384,0,87881,0,0,0,0,0,0,0,0,0,45456,0,0,0,0,0,0,0,0,0,0,0,0,0,0,0,0,0,0,0,0,0,0,0,0,0,0,0,0,0,0,0,0,0,0,0,0,0,0,0,0,0,0,0,0,0,0,0,0,0,0,0,0,0,0,0,0,0,0,0,27273,0,0,0,0,0,0,0,0,0,0,0,0,0,0,0,0,0,0,0,0,0,0,0,0,0,0,0,0,0,0,0,0,0,0,2442490,0,0,0,0,0,0,0,0,0,0,0,0,0,0,300008,0,0,0,0,127276
BF010,Burkina Faso,Centre Est,Boulgou,Bissa,0.655,Bissa,Mooré,Fulah,Koussassé,French,Kusaal,Others,Bambara,Gurma,Gurma,6498,737843,0,1476,0,0,0,0,0,0,0,0,0,53863,0,0,0,0,0,0,0,0,0,0,0,0,0,0,0,0,738,0,3689,0,0,0,0,0,0,0,0,0,0,0,0,0,0,0,0,0,0,0,0,0,0,0,0,0,0,0,0,0,0,0,0,0,0,0,0,0,0,0,0,483287,738,0,0,0,0,0,0,0,0,0,0,0,0,0,0,0,0,0,0,0,0,0,0,0,16233,0,0,0,0,0,0,0,0,0,167490,0,0,0,0,0,0,0,0,0,0,0,0,0,0,6641,0,0,0,0,3688
BF011,Burkina Faso,Centre Est,Koulpélogo,Mooré,0.671,Mooré,Bissa,Moba,Fulah,Others,Gurma,French,Bambara,Bambara,.,5352,362644,0,363,0,0,0,0,0,0,0,0,0,25385,0,0,0,0,0,0,0,0,0,0,0,0,0,0,0,0,11242,0,0,0,0,0,0,0,0,0,0,0,0,0,0,0,0,0,0,0,0,0,0,0,0,0,0,0,0,0,0,0,0,0,0,0,0,0,0,0,0,0,0,38440,363,0,0,0,0,0,0,0,0,0,0,0,0,0,0,0,0,0,0,0,0,0,0,0,0,0,0,0,0,0,0,0,0,27561,243334,0,0,0,0,0,0,0,0,0,0,0,0,0,0,725,0,0,0,0,15231
BF012,Burkina Faso,Centre Est,Kouritenga,Mooré,0.923,Mooré,Fulah,Bissa,French,Others,Gurma,Bambara,.,.,.,2795,480021,0,480,0,0,0,0,0,0,0,0,0,22561,0,0,0,0,0,0,0,0,0,0,0,0,0,0,0,0,960,0,0,0,0,0,0,0,0,0,0,0,0,0,0,0,0,0,0,0,0,0,0,0,0,0,0,0,0,0,0,0,0,0,0,0,0,0,0,0,0,0,0,6720,0,0,0,0,0,0,0,0,0,0,0,0,0,0,0,0,0,0,0,0,0,0,0,0,0,0,0,0,0,0,0,0,0,0,443059,0,0,0,0,0,0,0,0,0,0,0,0,0,0,4320,0,0,0,0,1921
BF013,Burkina Faso,Centre Nord,Bam,Mooré,0.932,Mooré,Fulah,French,Others,Koromfé,Bambara,.,.,.,.,4011,476054,0,476,0,0,0,0,0,0,0,0,0,25707,0,0,0,0,0,0,0,0,0,0,0,0,0,0,0,0,0,0,0,0,0,0,0,1904,0,0,0,0,0,0,0,0,0,0,0,0,0,0,0,0,0,0,0,0,0,0,0,0,0,0,0,0,0,0,0,0,0,0,0,0,0,0,0,0,0,0,0,0,0,0,0,0,0,0,0,0,0,0,0,0,0,0,0,0,0,0,0,0,0,0,0,0,0,0,443682,0,0,0,0,0,0,0,0,0,0,0,0,0,0,2380,0,0,0,0,1905
BF014,Burkina Faso,Centre Nord,Namentenga,Mooré,0.8,Mooré,Fulah,Gurma,Others,Marka,Koromfé,Koromfé,Koromfé,Bissa,.,6385,513796,0,0,0,0,0,0,1541,0,0,0,0,59600,0,0,0,0,0,0,0,0,0,0,0,0,0,0,0,0,31855,0,0,0,0,0,0,1028,0,0,0,0,0,0,0,0,0,0,0,0,0,1028,0,0,0,0,0,0,0,0,0,0,0,0,0,0,0,0,0,0,0,0,0,514,0,0,0,0,0,0,0,0,0,0,0,0,0,0,0,0,0,0,0,0,0,0,0,0,0,0,0,0,0,0,0,0,0,0,411037,0,0,0,0,0,0,0,0,0,0,0,0,0,0,1028,0,0,0,0,6165
BF015,Burkina Faso,Centre Nord,Sanmatenga,Mooré,0.92,Mooré,Fulah,Others,French,Bambara,Bambara,.,.,.,.,9274,884819,0,885,0,0,0,0,0,0,0,0,0,55744,0,0,0,0,0,0,0,0,0,0,0,0,0,0,0,0,0,0,0,0,0,0,0,0,0,0,0,0,0,0,0,0,0,0,0,0,0,0,0,0,0,0,0,0,0,0,0,0,0,0,0,0,0,0,0,0,0,0,0,885,0,0,0,0,0,0,0,0,0,0,0,0,0,0,0,0,0,0,0,0,0,0,0,0,0,0,0,0,0,0,0,0,0,0,814033,0,0,0,0,0,0,0,0,0,0,0,0,0,0,5309,0,0,0,0,7963
BF016,Burkina Faso,Centre Ouest,Boulkiemdé,Mooré,0.909,Mooré,Grusi,French,Others,Fulah,Dagara,.,.,.,.,4277,689709,0,0,0,0,0,0,0,0,0,0,0,5518,0,0,0,0,0,0,0,0,0,0,0,0,0,690,0,0,0,0,0,0,0,0,0,0,0,0,0,0,0,0,0,0,0,0,0,0,31727,0,0,0,0,0,0,0,0,0,0,0,0,0,0,0,0,0,0,0,0,0,0,0,0,0,0,0,0,0,0,0,0,0,0,0,0,0,0,0,0,0,0,0,0,0,0,0,0,0,0,0,0,0,0,0,0,0,626945,0,0,0,0,0,0,0,0,0,0,0,0,0,0,13794,0,0,0,0,11035
BF017,Burkina Faso,Centre Ouest,Sanguié,Grusi,0.817,Grusi,Mooré,Fulah,French,French,.,.,.,.,.,5111,391617,0,0,0,0,0,0,0,0,0,0,0,10965,0,0,0,0,0,0,0,0,0,0,0,0,0,0,0,0,0,0,0,0,0,0,0,0,0,0,0,0,0,0,0,0,0,0,0,0,319951,0,0,0,0,0,0,0,0,0,0,0,0,0,0,0,0,0,0,0,0,0,0,0,0,0,0,0,0,0,0,0,0,0,0,0,0,0,0,0,0,0,0,0,0,0,0,0,0,0,0,0,0,0,0,0,0,0,54435,0,0,0,0,0,0,0,0,0,0,0,0,0,0,3133,0,0,0,0,3133
BF018,Burkina Faso,Centre Ouest,Sissili,Mooré,0.456,Mooré,Grusi,Fulah,Dagara,Others,French,.,.,.,.,6705,337078,0,0,0,0,0,0,0,0,0,0,0,35056,0,0,0,0,0,0,0,0,0,0,0,0,0,21573,0,0,0,0,0,0,0,0,0,0,0,0,0,0,0,0,0,0,0,0,0,0,108539,0,0,0,0,0,0,0,0,0,0,0,0,0,0,0,0,0,0,0,0,0,0,0,0,0,0,0,0,0,0,0,0,0,0,0,0,0,0,0,0,0,0,0,0,0,0,0,0,0,0,0,0,0,0,0,0,0,153708,0,0,0,0,0,0,0,0,0,0,0,0,0,0,2360,0,0,0,0,15842
BF019,Burkina Faso,Centre Ouest,Ziro,Mooré,0.68,Mooré,Grusi,Fulah,Others,French,Dagara,.,.,.,.,5294,241731,0,0,0,0,0,0,0,0,0,0,0,30216,0,0,0,0,0,0,0,0,0,0,0,0,0,242,0,0,0,0,0,0,0,0,0,0,0,0,0,0,0,0,0,0,0,0,0,0,41336,0,0,0,0,0,0,0,0,0,0,0,0,0,0,0,0,0,0,0,0,0,0,0,0,0,0,0,0,0,0,0,0,0,0,0,0,0,0,0,0,0,0,0,0,0,0,0,0,0,0,0,0,0,0,0,0,0,164377,0,0,0,0,0,0,0,0,0,0,0,0,0,0,967,0,0,0,0,4593
BF020,Burkina Faso,Centre Sud,Bazèga,Mooré,0.945,Mooré,Fulah,Others,French,Bambara,.,.,.,.,.,3948,280870,0,281,0,0,0,0,0,0,0,0,0,11516,0,0,0,0,0,0,0,0,0,0,0,0,0,0,0,0,0,0,0,0,0,0,0,0,0,0,0,0,0,0,0,0,0,0,0,0,0,0,0,0,0,0,0,0,0,0,0,0,0,0,0,0,0,0,0,0,0,0,0,0,0,0,0,0,0,0,0,0,0,0,0,0,0,0,0,0,0,0,0,0,0,0,0,0,0,0,0,0,0,0,0,0,0,0,265422,0,0,0,0,0,0,0,0,0,0,0,0,0,0,1404,0,0,0,0,2247
BF021,Burkina Faso,Centre Sud,Nahouri,Kasséna,0.551,Kasséna,Nankana,Mooré,Fulah,Others,Ninkare,French,Bambara,Gurma,Gurma,3862,195816,0,392,0,0,0,0,0,0,0,0,0,8616,0,0,0,0,0,0,0,0,0,0,0,0,0,0,45429,107895,196,0,0,0,0,0,0,0,0,0,0,0,0,0,0,0,0,0,0,0,0,0,0,0,0,0,0,0,0,0,0,0,0,0,0,0,0,0,0,0,0,0,0,196,0,0,0,0,0,0,0,0,0,0,0,0,0,0,0,0,0,0,0,0,0,0,0,0,0,0,0,0,0,0,0,0,0,0,24477,0,3133,0,0,0,0,0,0,0,0,0,0,0,0,1567,0,0,0,0,3915
BF022,Burkina Faso,Centre Sud,Zoundwéogo,Mooré,0.712,Mooré,Bissa,Fulah,French,Others,Bambara,Bambara,Bambara,.,.,3667,312045,0,312,0,0,0,0,0,0,0,0,0,22467,0,0,0,0,0,0,0,0,0,0,0,0,0,0,0,312,312,0,0,0,0,0,0,0,0,0,0,0,0,0,0,0,0,0,0,0,0,0,0,0,0,0,0,0,0,0,0,0,0,0,0,0,0,0,0,0,0,0,0,62409,0,0,0,0,0,0,0,0,0,0,0,0,0,0,0,0,0,0,0,0,0,0,0,0,0,0,0,0,0,0,0,0,0,0,222176,0,0,0,0,0,0,0,0,0,0,0,0,0,0,3120,0,0,0,0,937
BF023,Burkina Faso,Hauts Bassins,Houet,Bambara,0.416,Bambara,Mooré,Bobo,Others,Fulah,French,Samo,Toussian,Bwamu,Senoufo,11546,1510638,0,628425,0,0,0,0,0,0,0,0,0,46830,0,0,0,0,0,0,0,0,0,0,0,0,0,0,0,0,0,0,0,4532,0,216021,9064,0,0,0,0,0,0,0,0,0,0,0,0,0,0,0,0,0,0,0,0,0,0,0,0,0,0,0,0,0,0,0,0,0,0,0,0,0,0,0,0,0,0,0,0,0,0,0,0,0,0,0,0,0,0,0,0,0,0,0,0,0,0,0,0,0,0,0,0,0,0,0,433553,0,0,0,0,18128,0,0,16617,0,0,0,0,0,0,39277,0,0,0,0,98191
BF024,Burkina Faso,Hauts Bassins,Kénédougou,Senoufo,0.421,Senoufo,Mooré,Bambara,Others,Toussian,Fulah,Samo,Bobo,French,Bwamu,8446,399949,0,53593,0,0,0,0,0,0,0,0,0,21597,0,0,0,0,0,0,0,0,0,0,0,0,0,0,0,0,0,0,0,168379,0,5199,800,0,0,0,0,0,0,0,0,0,0,0,0,0,0,0,0,0,0,0,0,0,0,0,0,0,0,0,0,0,0,0,0,0,0,0,0,0,0,0,0,0,0,0,0,0,0,0,0,0,0,0,0,0,0,0,0,0,0,0,0,0,0,0,0,0,0,0,0,0,0,0,53993,0,0,0,0,19198,0,0,24397,0,0,0,0,0,0,1600,0,0,0,0,51193
BF025,Burkina Faso,Hauts Bassins,Tuy,Mooré,0.479,Mooré,Bwamu,Others,Fulah,Bambara,Bobo,French,Samo,.,.,5626,329253,0,11195,0,0,0,0,0,0,0,0,0,24365,0,0,0,0,0,0,0,0,0,0,0,0,0,0,0,0,0,0,0,0,0,2305,98776,0,0,0,0,0,0,0,0,0,0,0,0,0,0,0,0,0,0,0,0,0,0,0,0,0,0,0,0,0,0,0,0,0,0,0,0,0,0,0,0,0,0,0,0,0,0,0,0,0,0,0,0,0,0,0,0,0,0,0,0,0,0,0,0,0,0,0,0,0,0,0,157712,0,0,0,0,659,0,0,0,0,0,0,0,0,0,1976,0,0,0,0,32265
BF026,Burkina Faso,L'Est,Gnagna,Gurma,0.824,Gurma,Mooré,Fulah,Others,French,Bambara,Bambara,Bambara,.,.,8528,676476,0,676,0,0,0,0,0,0,0,0,0,54795,0,0,0,0,0,0,0,0,0,0,0,0,0,0,0,0,557416,0,0,0,0,0,0,0,0,0,0,676,0,0,0,0,0,0,0,0,0,676,0,0,0,0,0,0,0,0,0,0,0,0,0,0,0,0,0,0,0,0,0,0,0,0,0,0,0,0,0,0,0,0,0,0,0,0,0,0,0,0,0,0,0,0,0,0,0,0,0,0,0,0,0,0,0,0,58177,0,0,0,0,0,0,0,0,0,0,0,0,0,0,2029,0,0,0,0,2031
BF027,Burkina Faso,L'Est,Gourma,Gurma,0.471,Gurma,Mooré,Fulah,French,Others,Bambara,Djerma,Djerma,.,.,11177,437310,0,1312,0,0,0,0,0,0,0,0,0,41544,0,0,0,0,0,0,0,0,0,0,0,0,0,0,0,0,205973,0,0,0,0,0,0,0,0,0,0,437,0,0,0,0,0,0,0,0,0,0,0,0,0,0,0,0,0,0,0,0,0,0,0,0,0,0,0,0,0,0,0,0,0,0,0,0,0,0,0,437,0,0,0,0,0,0,0,0,0,0,0,0,0,0,0,0,0,0,0,0,0,0,0,0,0,0,177548,0,0,0,0,0,0,0,0,0,0,0,0,0,0,6997,0,0,0,0,3062
BF028,Burkina Faso,L'Est,Komondjari,Gurma,0.862,Gurma,Fulah,Hausa,Hausa,Djerma,Others,French,Bambara,.,.,5109,105604,0,106,0,0,0,0,0,0,0,0,0,9821,0,0,0,0,0,0,0,0,0,0,0,0,0,0,0,0,91031,0,0,0,0,0,0,0,0,0,0,950,0,0,0,0,0,0,0,0,0,0,0,0,0,0,0,0,0,0,0,0,0,0,0,0,0,0,0,0,0,0,0,0,0,0,0,0,0,0,0,1373,0,0,0,0,0,0,0,0,0,0,0,0,0,0,0,0,0,0,0,0,0,0,0,0,0,0,1373,0,0,0,0,0,0,0,0,0,0,0,0,0,0,211,0,0,0,0,739
BF029,Burkina Faso,L'Est,Kompienga,Gurma,0.627,Gurma,Fulah,Mooré,Tamasheq,Others,Hausa,Bambara,Bambara,Bambara,.,6921,117682,0,118,0,0,0,0,0,0,0,0,0,24596,0,0,0,0,0,0,0,0,0,0,0,0,0,0,0,0,73787,0,0,0,0,0,0,0,0,0,0,0,0,0,0,0,0,0,0,0,0,941,0,0,0,0,0,0,0,0,0,0,0,0,0,0,0,0,0,0,0,0,0,0,0,0,0,0,0,0,0,235,0,0,0,0,0,0,0,0,118,0,0,0,0,0,0,0,0,0,0,0,0,0,0,0,0,0,17299,0,0,0,0,0,0,0,0,0,0,0,0,0,0,118,0,0,0,0,470
BF030,Burkina Faso,L'Est,Tapoa,Gurma,0.612,Gurma,Mooré,Fulah,Others,Biali,French,Hausa,Bambara,Djerma,.,14831,605733,0,1817,0,0,0,0,0,0,0,0,0,58150,0,0,0,0,0,0,0,0,0,0,0,0,0,0,0,0,370709,0,0,0,0,0,0,0,0,0,0,606,0,0,0,0,0,0,0,0,0,0,0,0,0,0,0,0,0,0,0,0,0,0,0,0,0,0,0,0,0,0,0,0,0,0,0,0,0,0,0,2423,0,0,0,0,0,0,0,0,7875,0,0,0,0,0,0,0,0,0,0,0,0,0,0,0,0,0,151433,0,0,0,0,0,0,0,0,0,0,0,0,0,0,3634,0,0,0,0,9086
BF031,Burkina Faso,Nord,Loroum,Mooré,0.834,Mooré,Others,Fulah,Biali,Bambara,Bambara,Bambara,.,.,.,3690,198192,0,198,0,0,0,0,0,0,0,0,0,15657,0,0,0,0,0,0,0,0,0,0,0,0,0,0,0,0,0,0,0,0,0,0,0,0,0,0,0,0,0,0,0,0,0,0,0,0,0,0,0,0,0,0,0,0,0,0,0,0,0,0,0,0,0,0,0,0,0,0,0,0,0,0,0,0,0,0,0,0,0,0,0,0,0,0,0,0,396,0,0,0,0,0,0,0,0,0,0,0,0,0,0,0,0,198,165292,0,0,0,0,0,0,0,0,0,0,0,0,0,0,198,0,0,0,0,16253
BF032,Burkina Faso,Nord,Passoré,Mooré,0.965,Mooré,Fulah,Others,French,Bambara,Bambara,.,.,.,.,3981,457930,0,458,0,0,0,0,0,0,0,0,0,7785,0,0,0,0,0,0,0,0,0,0,0,0,0,0,0,0,0,0,0,0,0,0,0,0,0,0,0,0,0,0,0,0,0,0,0,0,0,0,0,0,0,0,0,0,0,0,0,0,0,0,0,0,0,0,0,0,0,0,0,0,0,0,0,0,0,0,0,0,0,0,0,0,0,0,0,0,0,0,0,0,0,0,0,0,0,0,0,0,0,0,0,0,0,458,441902,0,0,0,0,0,0,0,0,0,0,0,0,0,0,2290,0,0,0,0,5037
BF033,Burkina Faso,Nord,Yatenga,Mooré,0.925,Mooré,Fulah,Others,French,Bambara,Moba,Moba,.,.,.,6764,825975,0,1652,0,0,0,0,0,0,0,0,0,39647,0,0,0,0,0,0,0,0,0,0,0,0,0,0,0,0,0,0,0,0,0,0,0,0,0,0,0,0,0,0,0,0,0,0,0,0,0,0,0,0,0,0,0,0,0,0,0,0,0,0,0,0,0,0,0,0,0,0,0,0,0,0,0,0,0,0,0,0,0,0,0,0,0,0,0,0,0,0,0,0,0,0,0,0,0,0,0,0,0,0,0,0,0,826,764027,0,0,0,0,826,0,0,0,0,0,0,0,0,0,5782,0,0,0,0,13215
BF034,Burkina Faso,Nord,Zondoma,Mooré,0.97,Mooré,Fulah,French,Others,Bambara,Bambara,Bambara,.,.,.,1982,240018,0,240,0,0,0,0,0,0,0,0,0,5040,0,0,0,0,0,0,0,0,0,0,0,0,0,0,0,0,0,0,0,0,0,0,0,0,0,0,0,0,0,0,0,0,0,0,0,0,0,0,0,0,0,0,0,0,0,0,0,0,0,0,0,0,0,0,0,0,0,0,0,0,0,0,0,0,0,0,0,0,0,0,0,0,0,0,0,0,0,0,0,0,0,0,0,0,0,0,0,0,0,0,0,0,0,240,232817,0,0,0,0,240,0,0,0,0,0,0,0,0,0,960,0,0,0,0,481
BF035,Burkina Faso,Plateau Central,Ganzourgou,Mooré,0.904,Mooré,Fulah,Bissa,French,French,Bambara,Bambara,.,.,.,4166,482763,0,483,0,0,0,0,0,0,0,0,0,32345,0,0,0,0,0,0,0,0,0,0,0,0,0,0,0,0,483,0,0,0,0,0,0,0,0,0,0,0,0,0,0,0,0,0,0,0,0,0,0,0,0,0,0,0,0,0,0,0,0,0,0,0,0,0,0,0,0,0,0,10138,0,0,0,0,0,0,0,0,0,0,0,0,0,0,0,0,0,0,0,0,0,0,0,0,0,0,0,0,0,0,0,0,0,0,436418,0,0,0,0,0,0,0,0,0,0,0,0,0,0,1448,0,0,0,0,1448
BF036,Burkina Faso,Plateau Central,Kourwéogo,Mooré,0.965,Mooré,Fulah,French,Others,Bambara,.,.,.,.,.,1596,181242,0,181,0,0,0,0,0,0,0,0,0,3625,0,0,0,0,0,0,0,0,0,0,0,0,0,0,0,0,0,0,0,0,0,0,0,0,0,0,0,0,0,0,0,0,0,0,0,0,0,0,0,0,0,0,0,0,0,0,0,0,0,0,0,0,0,0,0,0,0,0,0,0,0,0,0,0,0,0,0,0,0,0,0,0,0,0,0,0,0,0,0,0,0,0,0,0,0,0,0,0,0,0,0,0,0,0,174899,0,0,0,0,0,0,0,0,0,0,0,0,0,0,1994,0,0,0,0,543
BF037,Burkina Faso,Plateau Central,Oubritenga,Mooré,0.925,Mooré,Fulah,French,Others,Bambara,Bambara,.,.,.,.,2841,314609,0,315,0,0,0,0,0,0,0,0,0,17618,0,0,0,0,0,0,0,0,0,0,0,0,0,0,0,0,315,0,0,0,0,0,0,0,0,0,0,0,0,0,0,0,0,0,0,0,0,0,0,0,0,0,0,0,0,0,0,0,0,0,0,0,0,0,0,0,0,0,0,0,0,0,0,0,0,0,0,0,0,0,0,0,0,0,0,0,0,0,0,0,0,0,0,0,0,0,0,0,0,0,0,0,0,0,291013,0,0,0,0,0,0,0,0,0,0,0,0,0,0,3775,0,0,0,0,1573
BF038,Burkina Faso,Sahel,Oudalan,Tamasheq,0.463,Tamasheq,Fulah,Songhay,Mooré,Others,Hausa,Gurma,Djerma,Djerma,.,10000,158206,0,0,0,0,0,0,0,0,0,0,0,46671,0,0,0,0,0,0,0,0,0,0,0,0,0,0,0,0,791,0,0,0,0,0,0,0,0,0,27370,475,0,0,0,0,0,0,0,0,0,73249,0,0,0,0,0,0,0,0,0,0,0,0,0,0,0,0,0,0,0,0,0,0,0,0,0,0,0,0,0,1266,0,0,0,0,0,0,0,0,0,0,0,0,0,0,0,0,0,0,0,0,0,0,0,0,0,0,6170,0,0,0,0,0,0,0,0,0,0,0,0,0,0,475,0,0,0,0,1739
BF039,Burkina Faso,Sahel,Séno,Fulah,0.779,Fulah,Mooré,Gurma,Songhay,Tamasheq,Others,Djerma,Djerma,Koromfé,Hausa,7003,404716,0,0,0,0,0,0,0,0,0,0,0,315274,0,0,0,0,0,0,0,0,0,0,0,0,0,0,0,0,21855,0,0,0,0,0,0,2024,0,0,17403,2833,0,0,0,0,0,0,0,0,0,13356,0,0,0,0,0,0,0,0,0,0,0,0,0,0,0,0,0,0,0,0,0,0,0,0,0,0,0,0,0,405,0,0,0,0,0,0,0,0,0,0,0,0,0,0,0,0,0,0,0,0,0,0,0,0,0,0,22259,0,0,0,0,0,0,0,0,0,0,0,0,0,0,2833,0,0,0,0,6474
BF040,Burkina Faso,Sahel,Soum,Fulah,0.429,Fulah,Koromfé,Mooré,Dogon,Others,Songhay,Tamasheq,Hausa,Hausa,.,12623,363661,0,0,0,0,0,0,0,0,0,0,0,156011,0,0,0,0,0,0,0,0,0,0,0,0,0,0,0,0,0,0,0,0,0,0,0,95279,0,0,6182,0,0,0,0,0,0,0,12364,0,0,5091,0,0,0,0,0,0,0,0,0,0,0,0,0,0,0,0,0,0,0,0,0,0,0,0,0,0,0,0,0,364,0,0,0,0,0,0,0,0,0,0,0,0,0,0,0,0,0,0,0,0,0,0,0,0,0,0,79278,0,0,0,0,0,0,0,0,0,0,0,0,0,0,364,0,0,0,0,8728
BF041,Burkina Faso,Sahel,Yagha,Fulah,0.808,Fulah,Gurma,Mooré,Tamasheq,Others,French,.,.,.,.,6529,171594,0,0,0,0,0,0,0,0,0,0,0,138648,0,0,0,0,0,0,0,0,0,0,0,0,0,0,0,0,27455,0,0,0,0,0,0,0,0,0,0,0,0,0,0,0,0,0,0,0,0,2059,0,0,0,0,0,0,0,0,0,0,0,0,0,0,0,0,0,0,0,0,0,0,0,0,0,0,0,0,0,0,0,0,0,0,0,0,0,0,0,0,0,0,0,0,0,0,0,0,0,0,0,0,0,0,0,0,2231,0,0,0,0,0,0,0,0,0,0,0,0,0,0,343,0,0,0,0,858
BF042,Burkina Faso,Sud Ouest,Bougouriba,Dagara,0.222,Dagara,Mooré,Lobi,Birifor,Dyan,Bambara,Others,Fulah,French,Dogosé,3417,153653,0,8451,0,0,0,0,0,0,0,0,0,5378,0,0,0,0,0,0,0,0,0,0,0,0,0,34111,0,0,0,0,0,0,0,0,0,0,0,0,0,0,0,0,0,0,0,0,0,1383,0,0,0,0,0,0,0,0,0,0,0,0,0,0,0,0,0,0,0,0,0,0,0,0,17055,30731,0,461,0,0,0,0,0,0,0,0,0,0,0,0,0,0,15212,0,0,0,0,0,0,0,0,0,0,0,0,0,0,0,32574,0,0,0,0,0,0,0,0,0,0,0,0,0,0,1537,0,0,0,0,6760
BF043,Burkina Faso,Sud Ouest,Ioba,Dagara,0.885,Dagara,Mooré,Others,Bambara,Bambara,Bambara,Birifor,Birifor,.,.,2621,265956,0,2394,0,0,0,0,0,0,0,0,0,2394,0,0,0,0,0,0,0,0,0,0,0,0,0,235371,0,0,0,0,0,0,0,0,0,0,0,0,0,0,0,0,0,0,0,0,0,0,0,0,0,0,0,0,0,0,0,0,0,0,0,0,0,0,0,0,0,0,0,0,0,0,266,266,0,0,0,0,0,0,0,0,0,0,0,0,0,0,0,0,0,0,0,0,0,0,0,0,0,0,0,0,0,0,0,0,18085,0,0,0,0,0,0,0,0,0,0,0,0,0,0,2394,0,0,0,0,4786
BF044,Burkina Faso,Sud Ouest,Noumbiel,Birifor,0.319,Birifor,Dagara,Lobi,Mooré,Fulah,Others,Bambara,French,.,.,2856,98915,0,1583,0,0,0,0,0,0,0,0,0,6726,0,0,0,0,0,0,0,0,0,0,0,0,0,26410,0,0,0,0,0,0,0,0,0,0,0,0,0,0,0,0,0,0,0,0,0,0,0,0,0,0,0,0,0,0,0,0,0,0,0,0,0,0,0,0,0,0,0,0,0,0,31554,20278,0,0,0,0,0,0,0,0,0,0,0,0,0,0,0,0,0,0,0,0,0,0,0,0,0,0,0,0,0,0,0,0,9990,0,0,0,0,0,0,0,0,0,0,0,0,0,0,692,0,0,0,0,1682
BF045,Burkina Faso,Sud Ouest,Poni,Lobi,0.469,Lobi,Birifor,Mooré,Dagara,Bambara,Fulah,Others,Kaansa,Dogosé,French,7526,356918,0,11421,0,0,0,0,0,0,0,0,0,10708,0,0,0,0,0,0,0,0,0,0,0,0,0,17489,0,0,0,0,0,0,0,0,0,0,0,0,0,0,0,0,0,0,0,0,0,3569,0,0,0,0,0,0,0,0,0,0,0,0,0,0,0,0,0,0,0,0,0,0,0,0,72811,167395,0,9280,0,0,0,0,0,0,0,0,0,0,0,0,0,0,357,0,0,0,0,0,0,0,0,0,0,0,0,0,0,0,51396,0,0,0,0,0,0,0,0,0,0,0,0,0,0,2498,0,0,0,0,9994
GH001,Ghana,Western,Western,Akan,0.7801,Akan,Mole-Dagbani,Ewe,Ga-Dangme,Gurma,Grusi,Others,North Mande,Guan,.,14259,2060585,0,0,0,0,0,0,0,15281,0,0,0,0,0,0,1607387,7855,51829,130947,0,0,0,0,0,0,170927,0,0,0,32360,0,0,0,0,0,0,0,0,0,0,0,0,0,0,0,0,0,0,0,23257,0,0,0,0,0,0,0,0,0,0,0,0,0,0,0,0,0,0,0,0,0,0,0,0,0,0,0,0,0,0,0,0,0,0,0,0,0,0,0,0,0,0,0,0,0,0,0,0,0,0,0,0,0,0,0,0,0,0,0,0,0,0,0,0,0,0,0,0,0,0,0,0,0,0,0,0,0,20742
GH002,Ghana,Central,Central,Akan,0.7852,Akan,Ewe,Guan,Ga-Dangme,Mole-Dagbani,Others,Gurma,Grusi,North Mande,.,9664,2859821,0,0,0,0,0,0,0,18340,0,0,0,0,0,0,2245602,145706,82361,200801,0,0,0,0,0,0,72241,0,0,0,32038,0,0,0,0,0,0,0,0,0,0,0,0,0,0,0,0,0,0,0,18543,0,0,0,0,0,0,0,0,0,0,0,0,0,0,0,0,0,0,0,0,0,0,0,0,0,0,0,0,0,0,0,0,0,0,0,0,0,0,0,0,0,0,0,0,0,0,0,0,0,0,0,0,0,0,0,0,0,0,0,0,0,0,0,0,0,0,0,0,0,0,0,0,0,0,0,0,0,44189
GH003,Ghana,Greater Accra,Greater Accra,Akan,0.4112,Akan,Ga-Dangme,Ewe,Mole-Dagbani,Others,Gurma,Guan,Grusi,North Mande,.,3699,5455692,0,0,0,0,0,0,0,56514,0,0,0,0,0,0,2243349,84757,1340905,1103749,0,0,0,0,0,0,313787,0,0,0,100211,0,0,0,0,0,0,0,0,0,0,0,0,0,0,0,0,0,0,0,66436,0,0,0,0,0,0,0,0,0,0,0,0,0,0,0,0,0,0,0,0,0,0,0,0,0,0,0,0,0,0,0,0,0,0,0,0,0,0,0,0,0,0,0,0,0,0,0,0,0,0,0,0,0,0,0,0,0,0,0,0,0,0,0,0,0,0,0,0,0,0,0,0,0,0,0,0,0,145984
GH004,Ghana,Volta,Volta,Ewe,0.9025,Ewe,Akan,Others,Guan,Ga-Dangme,Gurma,North Mande,Mole-Dagbani,Grusi,.,9825,1659040,0,0,0,0,0,0,0,9638,0,0,0,0,0,0,40851,31348,22125,1497293,0,0,0,0,0,0,7086,0,0,0,16362,0,0,0,0,0,0,0,0,0,0,0,0,0,0,0,0,0,0,0,1890,0,0,0,0,0,0,0,0,0,0,0,0,0,0,0,0,0,0,0,0,0,0,0,0,0,0,0,0,0,0,0,0,0,0,0,0,0,0,0,0,0,0,0,0,0,0,0,0,0,0,0,0,0,0,0,0,0,0,0,0,0,0,0,0,0,0,0,0,0,0,0,0,0,0,0,0,0,32447
GH005,Ghana,Eastern,Eastern,Akan,0.5338,Akan,Ga-Dangme,Ewe,Guan,Mole-Dagbani,Others,Gurma,Grusi,North Mande,.,18964,2925653,0,0,0,0,0,0,0,11989,0,0,0,0,0,0,1561637,101040,532053,500502,0,0,0,0,0,0,99908,0,0,0,44193,0,0,0,0,0,0,0,0,0,0,0,0,0,0,0,0,0,0,0,25509,0,0,0,0,0,0,0,0,0,0,0,0,0,0,0,0,0,0,0,0,0,0,0,0,0,0,0,0,0,0,0,0,0,0,0,0,0,0,0,0,0,0,0,0,0,0,0,0,0,0,0,0,0,0,0,0,0,0,0,0,0,0,0,0,0,0,0,0,0,0,0,0,0,0,0,0,0,48822
GH006,Ghana,Ashanti,Ashanti,Akan,0.7174,Akan,Mole-Dagbani,Gurma,Ewe,North Mande,Grusi,Others,Ga-Dangme,Guan,.,24380,5440463,0,0,0,0,0,0,0,143814,0,0,0,0,0,0,3903246,53318,59663,188029,0,0,0,0,0,0,673455,0,0,0,205949,0,0,0,0,0,0,0,0,0,0,0,0,0,0,0,0,0,0,0,129737,0,0,0,0,0,0,0,0,0,0,0,0,0,0,0,0,0,0,0,0,0,0,0,0,0,0,0,0,0,0,0,0,0,0,0,0,0,0,0,0,0,0,0,0,0,0,0,0,0,0,0,0,0,0,0,0,0,0,0,0,0,0,0,0,0,0,0,0,0,0,0,0,0,0,0,0,0,83252
GH007,Ghana,Western North,Western North,Akan,0.6861,Akan,Mole-Dagbani,Ewe,Ga-Dangme,Gurma,Grusi,North Mande,Others,Guan,.,10074,880921,0,0,0,0,0,0,0,10652,0,0,0,0,0,0,604411,3603,25353,39060,0,0,0,0,0,0,156642,0,0,0,21585,0,0,0,0,0,0,0,0,0,0,0,0,0,0,0,0,0,0,0,13218,0,0,0,0,0,0,0,0,0,0,0,0,0,0,0,0,0,0,0,0,0,0,0,0,0,0,0,0,0,0,0,0,0,0,0,0,0,0,0,0,0,0,0,0,0,0,0,0,0,0,0,0,0,0,0,0,0,0,0,0,0,0,0,0,0,0,0,0,0,0,0,0,0,0,0,0,0,6397
GH008,Ghana,Ahafo,Ahafo,Akan,0.6015,Akan,Mole-Dagbani,Gurma,Ewe,North Mande,Grusi,Others,Ga-Dangme,Guan,.,5195,564668,0,0,0,0,0,0,0,15953,0,0,0,0,0,0,339672,3167,10400,28482,0,0,0,0,0,0,110239,0,0,0,33175,0,0,0,0,0,0,0,0,0,0,0,0,0,0,0,0,0,0,0,12511,0,0,0,0,0,0,0,0,0,0,0,0,0,0,0,0,0,0,0,0,0,0,0,0,0,0,0,0,0,0,0,0,0,0,0,0,0,0,0,0,0,0,0,0,0,0,0,0,0,0,0,0,0,0,0,0,0,0,0,0,0,0,0,0,0,0,0,0,0,0,0,0,0,0,0,0,0,11069
GH009,Ghana,Bono,Bono,Akan,0.7333,Akan,Mole-Dagbani,North Mande,Grusi,Ewe,Others,Gurma,Ga-Dangme,Guan,.,11648,1208649,0,0,0,0,0,0,0,63115,0,0,0,0,0,0,886342,4186,8173,17334,0,0,0,0,0,0,176301,0,0,0,12055,0,0,0,0,0,0,0,0,0,0,0,0,0,0,0,0,0,0,0,26626,0,0,0,0,0,0,0,0,0,0,0,0,0,0,0,0,0,0,0,0,0,0,0,0,0,0,0,0,0,0,0,0,0,0,0,0,0,0,0,0,0,0,0,0,0,0,0,0,0,0,0,0,0,0,0,0,0,0,0,0,0,0,0,0,0,0,0,0,0,0,0,0,0,0,0,0,0,14517
GH010,Ghana,Bono East,Bono East,Akan,0.3448,Akan,Mole-Dagbani,Gurma,Guan,Grusi,Ewe,North Mande,Others,Ga-Dangme,.,23257,1203400,0,0,0,0,0,0,0,51157,0,0,0,0,0,0,414925,112532,19284,59143,0,0,0,0,0,0,259102,0,0,0,188101,0,0,0,0,0,0,0,0,0,0,0,0,0,0,0,0,0,0,0,76527,0,0,0,0,0,0,0,0,0,0,0,0,0,0,0,0,0,0,0,0,0,0,0,0,0,0,0,0,0,0,0,0,0,0,0,0,0,0,0,0,0,0,0,0,0,0,0,0,0,0,0,0,0,0,0,0,0,0,0,0,0,0,0,0,0,0,0,0,0,0,0,0,0,0,0,0,0,22629
GH011,Ghana,Oti,Oti,Gurma,0.4545,Gurma,Guan,Ewe,Akan,Ga-Dangme,Others,Mole-Dagbani,North Mande,Grusi,.,11066,747248,0,0,0,0,0,0,0,5958,0,0,0,0,0,0,48510,152390,21068,149912,0,0,0,0,0,0,7882,0,0,0,339604,0,0,0,0,0,0,0,0,0,0,0,0,0,0,0,0,0,0,0,2564,0,0,0,0,0,0,0,0,0,0,0,0,0,0,0,0,0,0,0,0,0,0,0,0,0,0,0,0,0,0,0,0,0,0,0,0,0,0,0,0,0,0,0,0,0,0,0,0,0,0,0,0,0,0,0,0,0,0,0,0,0,0,0,0,0,0,0,0,0,0,0,0,0,0,0,0,0,19360
GH012,Ghana,Northern,Northern,Mole-Dagbani,0.6247,Mole-Dagbani,Gurma,North Mande,Akan,Guan,Ewe,Others,Grusi,Ga-Dangme,.,24850,2310939,0,0,0,0,0,0,0,41855,0,0,0,0,0,0,39983,39305,4836,23504,0,0,0,0,0,0,1443635,0,0,0,687133,0,0,0,0,0,0,0,0,0,0,0,0,0,0,0,0,0,0,0,15223,0,0,0,0,0,0,0,0,0,0,0,0,0,0,0,0,0,0,0,0,0,0,0,0,0,0,0,0,0,0,0,0,0,0,0,0,0,0,0,0,0,0,0,0,0,0,0,0,0,0,0,0,0,0,0,0,0,0,0,0,0,0,0,0,0,0,0,0,0,0,0,0,0,0,0,0,0,15465
GH013,Ghana,Savannah,Savannah,Guan,0.3865,Guan,Mole-Dagbani,Grusi,North Mande,Ewe,Gurma,Akan,Others,Ga-Dangme,.,35863,653266,0,0,0,0,0,0,0,37240,0,0,0,0,0,0,23849,252461,4207,28450,0,0,0,0,0,0,211206,0,0,0,28281,0,0,0,0,0,0,0,0,0,0,0,0,0,0,0,0,0,0,0,50393,0,0,0,0,0,0,0,0,0,0,0,0,0,0,0,0,0,0,0,0,0,0,0,0,0,0,0,0,0,0,0,0,0,0,0,0,0,0,0,0,0,0,0,0,0,0,0,0,0,0,0,0,0,0,0,0,0,0,0,0,0,0,0,0,0,0,0,0,0,0,0,0,0,0,0,0,0,17179
GH014,Ghana,North East,North East,Mole-Dagbani,0.5304,Mole-Dagbani,Gurma,Akan,North Mande,Grusi,Others,Ewe,Guan,Ga-Dangme,.,9074,658946,0,0,0,0,0,0,0,27495,0,0,0,0,0,0,62304,1470,278,2438,0,0,0,0,0,0,349506,0,0,0,192321,0,0,0,0,0,0,0,0,0,0,0,0,0,0,0,0,0,0,0,16927,0,0,0,0,0,0,0,0,0,0,0,0,0,0,0,0,0,0,0,0,0,0,0,0,0,0,0,0,0,0,0,0,0,0,0,0,0,0,0,0,0,0,0,0,0,0,0,0,0,0,0,0,0,0,0,0,0,0,0,0,0,0,0,0,0,0,0,0,0,0,0,0,0,0,0,0,0,6207
GH015,Ghana,Upper East,Upper East,Mole-Dagbani,0.7261,Mole-Dagbani,Grusi,North Mande,Gurma,Akan,Others,Ewe,Guan,Ga-Dangme,.,8623,1301226,0,0,0,0,0,0,0,85262,0,0,0,0,0,0,16338,1350,1197,2887,0,0,0,0,0,0,944848,0,0,0,45907,0,0,0,0,0,0,0,0,0,0,0,0,0,0,0,0,0,0,0,192205,0,0,0,0,0,0,0,0,0,0,0,0,0,0,0,0,0,0,0,0,0,0,0,0,0,0,0,0,0,0,0,0,0,0,0,0,0,0,0,0,0,0,0,0,0,0,0,0,0,0,0,0,0,0,0,0,0,0,0,0,0,0,0,0,0,0,0,0,0,0,0,0,0,0,0,0,0,11232
GH016,Ghana,Upper West,Upper West,Mole-Dagbani,0.777,Mole-Dagbani,Grusi,Akan,North Mande,Guan,Others,Ewe,Gurma,Ga-Dangme,.,19033,901502,0,0,0,0,0,0,0,11793,0,0,0,0,0,0,12278,3521,1438,2113,0,0,0,0,0,0,700426,0,0,0,1911,0,0,0,0,0,0,0,0,0,0,0,0,0,0,0,0,0,0,0,165026,0,0,0,0,0,0,0,0,0,0,0,0,0,0,0,0,0,0,0,0,0,0,0,0,0,0,0,0,0,0,0,0,0,0,0,0,0,0,0,0,0,0,0,0,0,0,0,0,0,0,0,0,0,0,0,0,0,0,0,0,0,0,0,0,0,0,0,0,0,0,0,0,0,0,0,0,0,2996
ML001,Mali,Kayes,Kayes,Bambara,0.3583,Bambara,Soninke,Fulah,Xasonga,Hassaniya Arabic,Others,.,.,.,.,24989,513172,0,183848,0,0,0,0,0,0,0,0,0,70447,0,0,0,0,0,0,0,0,0,0,0,0,0,0,0,0,0,0,0,0,0,0,0,0,0,180985,0,0,0,0,0,0,0,0,0,0,0,0,0,0,0,0,0,0,0,0,0,0,0,0,0,0,0,0,0,0,0,0,0,0,0,0,0,0,0,10882,0,0,0,0,0,0,0,0,0,0,0,0,0,0,0,0,0,0,0,0,0,0,0,0,0,0,0,0,0,0,0,0,0,0,0,0,0,0,0,58419,0,0,0,0,0,0,0,0,8591
ML002,Mali,Kayes,Bafoulabé,Bambara,0.421,Bambara,Xasonga,Soninke,Fulah,Others,.,.,.,.,.,19810,233647,0,98364,0,0,0,0,0,0,0,0,0,9494,0,0,0,0,0,0,0,0,0,0,0,0,0,0,0,0,0,0,0,0,0,0,0,0,0,43776,0,0,0,0,0,0,0,0,0,0,0,0,0,0,0,0,0,0,0,0,0,0,0,0,0,0,0,0,0,0,0,0,0,0,0,0,0,0,0,0,0,0,0,0,0,0,0,0,0,0,0,0,0,0,0,0,0,0,0,0,0,0,0,0,0,0,0,0,0,0,0,0,0,0,0,0,0,0,0,77531,0,0,0,0,0,0,0,0,4482
ML003,Mali,Kayes,Diéma,Soninke,0.4933,Soninke,Bambara,Fulah,Hassaniya Arabic,Xasonga,Others,.,.,.,.,12606,211772,0,48303,0,0,0,0,0,0,0,0,0,25222,0,0,0,0,0,0,0,0,0,0,0,0,0,0,0,0,0,0,0,0,0,0,0,0,0,104458,0,0,0,0,0,0,0,0,0,0,0,0,0,0,0,0,0,0,0,0,0,0,0,0,0,0,0,0,0,0,0,0,0,0,0,0,0,0,0,16180,0,0,0,0,0,0,0,0,0,0,0,0,0,0,0,0,0,0,0,0,0,0,0,0,0,0,0,0,0,0,0,0,0,0,0,0,0,0,0,11659,0,0,0,0,0,0,0,0,5950
ML004,Mali,Kayes,Kéniéba,Bambara,0.7564,Bambara,Fulah,Others,.,.,.,.,.,.,.,18074,197050,0,149048,0,0,0,0,0,0,0,0,0,36824,0,0,0,0,0,0,0,0,0,0,0,0,0,0,0,0,0,0,0,0,0,0,0,0,0,0,0,0,0,0,0,0,0,0,0,0,0,0,0,0,0,0,0,0,0,0,0,0,0,0,0,0,0,0,0,0,0,0,0,0,0,0,0,0,0,0,0,0,0,0,0,0,0,0,0,0,0,0,0,0,0,0,0,0,0,0,0,0,0,0,0,0,0,0,0,0,0,0,0,0,0,0,0,0,0,0,0,0,0,0,0,0,0,0,11178
ML005,Mali,Kayes,Kita,Bambara,0.9366,Bambara,Fulah,Others,Soninke,Xasonga,Hassaniya Arabic,.,.,.,.,35623,432531,0,405100,0,0,0,0,0,0,0,0,0,13226,0,0,0,0,0,0,0,0,0,0,0,0,0,0,0,0,0,0,0,0,0,0,0,0,0,3429,0,0,0,0,0,0,0,0,0,0,0,0,0,0,0,0,0,0,0,0,0,0,0,0,0,0,0,0,0,0,0,0,0,0,0,0,0,0,0,980,0,0,0,0,0,0,0,0,0,0,0,0,0,0,0,0,0,0,0,0,0,0,0,0,0,0,0,0,0,0,0,0,0,0,0,0,0,0,0,1959,0,0,0,0,0,0,0,0,7837
ML006,Mali,Kayes,Nioro,Soninke,0.4058,Soninke,Fulah,Bambara,Hassaniya Arabic,Others,.,.,.,.,.,10573,228926,0,39780,0,0,0,0,0,0,0,0,0,81869,0,0,0,0,0,0,0,0,0,0,0,0,0,0,0,0,0,0,0,0,0,0,0,0,0,92905,0,0,0,0,0,0,0,0,0,0,0,0,0,0,0,0,0,0,0,0,0,0,0,0,0,0,0,0,0,0,0,0,0,0,0,0,0,0,0,10779,0,0,0,0,0,0,0,0,0,0,0,0,0,0,0,0,0,0,0,0,0,0,0,0,0,0,0,0,0,0,0,0,0,0,0,0,0,0,0,0,0,0,0,0,0,0,0,0,3593
ML007,Mali,Kayes,Yélimané,Soninke,0.8511,Soninke,Fulah,Bambara,Others,Hassaniya Arabic,.,.,.,.,.,5631,176517,0,10279,0,0,0,0,0,0,0,0,0,11267,0,0,0,0,0,0,0,0,0,0,0,0,0,0,0,0,0,0,0,0,0,0,0,0,0,150227,0,0,0,0,0,0,0,0,0,0,0,0,0,0,0,0,0,0,0,0,0,0,0,0,0,0,0,0,0,0,0,0,0,0,0,0,0,0,0,1779,0,0,0,0,0,0,0,0,0,0,0,0,0,0,0,0,0,0,0,0,0,0,0,0,0,0,0,0,0,0,0,0,0,0,0,0,0,0,0,0,0,0,0,0,0,0,0,0,2965
ML008,Mali,Koulikoro,Koulikoro,Bambara,0.8831,Bambara,Fulah,Others,Soninke,.,.,.,.,.,.,30857,210611,0,185985,0,0,0,0,0,0,0,0,0,17355,0,0,0,0,0,0,0,0,0,0,0,0,0,0,0,0,0,0,0,0,0,0,0,0,0,2814,0,0,0,0,0,0,0,0,0,0,0,0,0,0,0,0,0,0,0,0,0,0,0,0,0,0,0,0,0,0,0,0,0,0,0,0,0,0,0,0,0,0,0,0,0,0,0,0,0,0,0,0,0,0,0,0,0,0,0,0,0,0,0,0,0,0,0,0,0,0,0,0,0,0,0,0,0,0,0,0,0,0,0,0,0,0,0,0,4457
ML009,Mali,Koulikoro,Banamba,Bambara,0.5444,Bambara,Soninke,Fulah,Others,Hassaniya Arabic,.,.,.,.,.,12248,191005,0,103989,0,0,0,0,0,0,0,0,0,24493,0,0,0,0,0,0,0,0,0,0,0,0,0,0,0,0,0,0,0,0,0,0,0,0,0,56077,0,0,0,0,0,0,0,0,0,0,0,0,0,0,0,0,0,0,0,0,0,0,0,0,0,0,0,0,0,0,0,0,0,0,0,0,0,0,0,1504,0,0,0,0,0,0,0,0,0,0,0,0,0,0,0,0,0,0,0,0,0,0,0,0,0,0,0,0,0,0,0,0,0,0,0,0,0,0,0,0,0,0,0,0,0,0,0,0,4942
ML010,Mali,Koulikoro,Dioïla,Bambara,0.9278,Bambara,Fulah,Others,Dogon,Soninke,Tamasheq,Marka,.,.,.,4875,488937,0,453659,0,0,0,0,1102,0,0,0,0,18742,0,0,0,0,0,0,0,0,0,0,0,0,0,0,0,0,0,0,0,0,0,0,0,0,0,2756,0,0,0,0,0,0,0,0,4961,0,0,1654,0,0,0,0,0,0,0,0,0,0,0,0,0,0,0,0,0,0,0,0,0,0,0,0,0,0,0,0,0,0,0,0,0,0,0,0,0,0,0,0,0,0,0,0,0,0,0,0,0,0,0,0,0,0,0,0,0,0,0,0,0,0,0,0,0,0,0,0,0,0,0,0,0,0,0,0,6063
ML011,Mali,Koulikoro,Kangaba,Bambara,0.9516,Bambara,Fulah,Others,.,.,.,.,.,.,.,16893,100398,0,95536,0,0,0,0,0,0,0,0,0,2600,0,0,0,0,0,0,0,0,0,0,0,0,0,0,0,0,0,0,0,0,0,0,0,0,0,0,0,0,0,0,0,0,0,0,0,0,0,0,0,0,0,0,0,0,0,0,0,0,0,0,0,0,0,0,0,0,0,0,0,0,0,0,0,0,0,0,0,0,0,0,0,0,0,0,0,0,0,0,0,0,0,0,0,0,0,0,0,0,0,0,0,0,0,0,0,0,0,0,0,0,0,0,0,0,0,0,0,0,0,0,0,0,0,0,2262
ML012,Mali,Koulikoro,Kati,Bambara,0.8909,Bambara,Fulah,Others,Soninke,Marka,Marka,Songhay,Bozo,Bozo,Senoufo,11800,956753,0,852341,0,0,0,0,12785,0,0,0,0,25570,0,0,0,0,0,0,0,0,0,0,0,0,0,0,0,0,0,0,0,2131,2131,0,0,0,3196,13851,10654,0,0,0,0,0,0,0,12785,0,0,3196,0,0,0,0,0,0,0,0,0,0,0,0,0,0,0,0,0,0,0,0,0,0,0,0,0,0,0,0,0,0,0,0,0,0,0,0,0,0,0,0,0,0,0,0,0,0,0,0,0,0,0,0,0,0,0,0,0,0,0,0,0,0,0,0,0,0,0,2131,0,0,0,0,0,0,0,0,15982
ML013,Mali,Koulikoro,Kolokani,Bambara,0.9451,Bambara,Fulah,Others,Hassaniya Arabic,.,.,.,.,.,.,5932,232500,0,219728,0,0,0,0,0,0,0,0,0,8601,0,0,0,0,0,0,0,0,0,0,0,0,0,0,0,0,0,0,0,0,0,0,0,0,0,0,0,0,0,0,0,0,0,0,0,0,0,0,0,0,0,0,0,0,0,0,0,0,0,0,0,0,0,0,0,0,0,0,0,0,0,0,0,0,0,1303,0,0,0,0,0,0,0,0,0,0,0,0,0,0,0,0,0,0,0,0,0,0,0,0,0,0,0,0,0,0,0,0,0,0,0,0,0,0,0,0,0,0,0,0,0,0,0,0,2868
ML014,Mali,Koulikoro,Nara,Soninke,0.3984,Soninke,Fulah,Hassaniya Arabic,Bambara,Others,.,.,.,.,.,7745,241904,0,39639,0,0,0,0,0,0,0,0,0,56743,0,0,0,0,0,0,0,0,0,0,0,0,0,0,0,0,0,0,0,0,0,0,0,0,0,96382,0,0,0,0,0,0,0,0,0,0,0,0,0,0,0,0,0,0,0,0,0,0,0,0,0,0,0,0,0,0,0,0,0,0,0,0,0,0,0,42082,0,0,0,0,0,0,0,0,0,0,0,0,0,0,0,0,0,0,0,0,0,0,0,0,0,0,0,0,0,0,0,0,0,0,0,0,0,0,0,0,0,0,0,0,0,0,0,0,7058
ML015,Mali,Sikasso,Sikasso,Bambara,0.6377,Bambara,Senoufo,Bankagooma,Fulah,Others,Dogon,Minianka,Marka,Songhay,Bozo,9072,734984,0,468697,0,0,0,0,4977,0,0,0,0,14102,0,0,0,0,0,0,0,0,0,0,0,0,0,0,0,0,0,0,0,196604,5807,0,0,0,1659,1659,3318,0,0,0,0,0,0,0,7466,0,0,1659,0,0,0,0,0,0,0,0,0,0,0,0,0,0,0,0,0,0,0,0,0,0,0,0,0,0,0,0,0,0,0,0,0,0,19909,0,0,0,0,0,0,0,0,0,0,0,0,0,0,0,0,0,0,0,0,0,0,0,0,0,0,0,0,0,0,0,0,0,0,0,0,0,0,0,0,0,9127
ML016,Mali,Sikasso,Bougouni,Bambara,0.9322,Bambara,Fulah,Others,Minianka,Dogon,Tamasheq,.,.,.,.,5188,458546,0,427458,0,0,0,0,0,0,0,0,0,13471,0,0,0,0,0,0,0,0,0,0,0,0,0,0,0,0,0,0,0,0,5181,0,0,0,0,0,0,0,0,0,0,0,0,0,3109,0,0,1036,0,0,0,0,0,0,0,0,0,0,0,0,0,0,0,0,0,0,0,0,0,0,0,0,0,0,0,0,0,0,0,0,0,0,0,0,0,0,0,0,0,0,0,0,0,0,0,0,0,0,0,0,0,0,0,0,0,0,0,0,0,0,0,0,0,0,0,0,0,0,0,0,0,0,0,0,8291
ML017,Mali,Sikasso,Kadiolo,Bambara,0.4088,Bambara,Senoufo,Bankagooma,Fulah,Others,Minianka,Dogon,Marka,.,.,7924,243411,0,99502,0,0,0,0,1371,0,0,0,0,10964,0,0,0,0,0,0,0,0,0,0,0,0,0,0,0,0,0,0,0,87716,3838,0,0,0,0,0,0,0,0,0,0,0,0,0,1645,0,0,0,0,0,0,0,0,0,0,0,0,0,0,0,0,0,0,0,0,0,0,0,0,0,0,0,0,0,0,0,0,0,0,0,0,0,29878,0,0,0,0,0,0,0,0,0,0,0,0,0,0,0,0,0,0,0,0,0,0,0,0,0,0,0,0,0,0,0,0,0,0,0,0,0,0,0,0,0,8497
ML018,Mali,Sikasso,Kolondiéba,Bambara,0.9242,Bambara,Fulah,Others,Senoufo,.,.,.,.,.,.,9436,201462,0,186193,0,0,0,0,0,0,0,0,0,7521,0,0,0,0,0,0,0,0,0,0,0,0,0,0,0,0,0,0,0,3646,0,0,0,0,0,0,0,0,0,0,0,0,0,0,0,0,0,0,0,0,0,0,0,0,0,0,0,0,0,0,0,0,0,0,0,0,0,0,0,0,0,0,0,0,0,0,0,0,0,0,0,0,0,0,0,0,0,0,0,0,0,0,0,0,0,0,0,0,0,0,0,0,0,0,0,0,0,0,0,0,0,0,0,0,0,0,0,0,0,0,0,0,0,0,4102
ML019,Mali,Sikasso,Koutiala,Minianka,0.4971,Minianka,Bambara,Others,Fulah,Dogon,Marka,Senoufo,Senoufo,.,.,15424,580453,0,260774,0,0,0,0,3971,0,0,0,0,7280,0,0,0,0,0,0,0,0,0,0,0,0,0,0,0,0,0,0,0,1986,288572,0,0,0,0,1986,0,0,0,0,0,0,0,0,5295,0,0,0,0,0,0,0,0,0,0,0,0,0,0,0,0,0,0,0,0,0,0,0,0,0,0,0,0,0,0,0,0,0,0,0,0,0,0,0,0,0,0,0,0,0,0,0,0,0,0,0,0,0,0,0,0,0,0,0,0,0,0,0,0,0,0,0,0,0,0,0,0,0,0,0,0,0,0,0,10589
ML020,Mali,Sikasso,Yanfolila,Bambara,0.9333,Bambara,Others,Bozo,Dogon,Fulah,.,.,.,.,.,4606,212717,0,198520,0,0,0,0,0,0,0,0,0,1684,0,0,0,0,0,0,0,0,0,0,0,0,0,0,0,0,0,0,0,0,0,0,0,0,3609,0,0,0,0,0,0,0,0,0,2647,0,0,0,0,0,0,0,0,0,0,0,0,0,0,0,0,0,0,0,0,0,0,0,0,0,0,0,0,0,0,0,0,0,0,0,0,0,0,0,0,0,0,0,0,0,0,0,0,0,0,0,0,0,0,0,0,0,0,0,0,0,0,0,0,0,0,0,0,0,0,0,0,0,0,0,0,0,0,0,6257
ML021,Mali,Sikasso,Yorosso,Minianka,0.538,Minianka,Marka,Bambara,Fulah,Dogon,Others,.,.,.,.,2546,211606,0,33867,0,0,0,0,48998,0,0,0,0,6965,0,0,0,0,0,0,0,0,0,0,0,0,0,0,0,0,0,0,0,0,113849,0,0,0,0,0,0,0,0,0,0,0,0,0,4323,0,0,0,0,0,0,0,0,0,0,0,0,0,0,0,0,0,0,0,0,0,0,0,0,0,0,0,0,0,0,0,0,0,0,0,0,0,0,0,0,0,0,0,0,0,0,0,0,0,0,0,0,0,0,0,0,0,0,0,0,0,0,0,0,0,0,0,0,0,0,0,0,0,0,0,0,0,0,0,3604
ML022,Mali,Ségou,Ségou,Bambara,0.9168,Bambara,Fulah,Others,Songhay,Bozo,Bozo,Tamasheq,Marka,Soninke,.,6714,696115,0,638170,0,0,0,0,3090,0,0,0,0,23178,0,0,0,0,0,0,0,0,0,0,0,0,0,0,0,0,0,0,0,0,0,0,0,0,4636,1545,5408,0,0,0,0,0,0,0,4636,0,0,3863,0,0,0,0,0,0,0,0,0,0,0,0,0,0,0,0,0,0,0,0,0,0,0,0,0,0,0,0,0,0,0,0,0,0,0,0,0,0,0,0,0,0,0,0,0,0,0,0,0,0,0,0,0,0,0,0,0,0,0,0,0,0,0,0,0,0,0,0,0,0,0,0,0,0,0,0,11589
ML023,Mali,Ségou,Barouéli,Bambara,0.8855,Bambara,Soninke,Fulah,Others,.,.,.,.,.,.,6123,202866,0,179642,0,0,0,0,0,0,0,0,0,8880,0,0,0,0,0,0,0,0,0,0,0,0,0,0,0,0,0,0,0,0,0,0,0,0,0,9107,0,0,0,0,0,0,0,0,0,0,0,0,0,0,0,0,0,0,0,0,0,0,0,0,0,0,0,0,0,0,0,0,0,0,0,0,0,0,0,0,0,0,0,0,0,0,0,0,0,0,0,0,0,0,0,0,0,0,0,0,0,0,0,0,0,0,0,0,0,0,0,0,0,0,0,0,0,0,0,0,0,0,0,0,0,0,0,0,5237
ML024,Mali,Ségou,Bla,Bambara,0.8237,Bambara,Minianka,Fulah,Others,Dogon,Marka,.,.,.,.,6407,283678,0,233655,0,0,0,0,2259,0,0,0,0,3873,0,0,0,0,0,0,0,0,0,0,0,0,0,0,0,0,0,0,0,0,37759,0,0,0,0,0,0,0,0,0,0,0,0,0,2582,0,0,0,0,0,0,0,0,0,0,0,0,0,0,0,0,0,0,0,0,0,0,0,0,0,0,0,0,0,0,0,0,0,0,0,0,0,0,0,0,0,0,0,0,0,0,0,0,0,0,0,0,0,0,0,0,0,0,0,0,0,0,0,0,0,0,0,0,0,0,0,0,0,0,0,0,0,0,0,3550
ML025,Mali,Ségou,Macina,Bambara,0.7948,Bambara,Fulah,Bozo,Others,Tamasheq,Marka,Songhay,.,.,.,15961,236077,0,187637,0,0,0,0,1331,0,0,0,0,18098,0,0,0,0,0,0,0,0,0,0,0,0,0,0,0,0,0,0,0,0,0,0,0,0,13840,0,1065,0,0,0,0,0,0,0,0,0,0,1863,0,0,0,0,0,0,0,0,0,0,0,0,0,0,0,0,0,0,0,0,0,0,0,0,0,0,0,0,0,0,0,0,0,0,0,0,0,0,0,0,0,0,0,0,0,0,0,0,0,0,0,0,0,0,0,0,0,0,0,0,0,0,0,0,0,0,0,0,0,0,0,0,0,0,0,0,12243
ML026,Mali,Ségou,Niono,Bambara,0.7508,Bambara,Fulah,Tamasheq,Others,Dogon,Songhay,Songhay,Bozo,Minianka,Marka,6120,364871,0,273962,0,0,0,0,2468,0,0,0,0,35376,0,0,0,0,0,0,0,0,0,0,0,0,0,0,0,0,0,0,0,0,4114,0,0,0,4525,2468,7816,0,0,0,0,0,0,0,8227,0,0,9461,0,0,0,0,0,0,0,0,0,0,0,0,0,0,0,0,0,0,0,0,0,0,0,0,0,0,0,7816,0,0,0,0,0,0,0,0,0,0,0,0,0,0,0,0,0,0,0,0,0,0,0,0,0,0,0,0,0,0,0,0,0,0,0,0,0,0,0,0,0,0,0,0,0,0,0,0,8638
ML027,Mali,Ségou,San,Bambara,0.6043,Bambara,Minianka,Marka,Others,Fulah,Dogon,Soninke,.,.,.,15461,333613,0,201589,0,0,0,0,29546,0,0,0,0,7106,0,0,0,0,0,0,0,0,0,0,0,0,0,0,0,0,0,0,0,0,79289,0,0,0,0,1496,0,0,0,0,0,0,0,0,1870,0,0,0,0,0,0,0,0,0,0,0,0,0,0,0,0,0,0,0,0,0,0,0,0,0,0,0,0,0,0,0,0,0,0,0,0,0,0,0,0,0,0,0,0,0,0,0,0,0,0,0,0,0,0,0,0,0,0,0,0,0,0,0,0,0,0,0,0,0,0,0,0,0,0,0,0,0,0,0,12717
ML028,Mali,Ségou,Tominian,Marka,0.7447,Marka,Bambara,Dogon,Fulah,Others,Minianka,.,.,.,.,19730,221129,0,21543,0,0,0,0,164671,0,0,0,0,6438,0,0,0,0,0,0,0,0,0,0,0,0,0,0,0,0,0,0,0,0,5200,0,0,0,0,0,0,0,0,0,0,0,0,0,17829,0,0,0,0,0,0,0,0,0,0,0,0,0,0,0,0,0,0,0,0,0,0,0,0,0,0,0,0,0,0,0,0,0,0,0,0,0,0,0,0,0,0,0,0,0,0,0,0,0,0,0,0,0,0,0,0,0,0,0,0,0,0,0,0,0,0,0,0,0,0,0,0,0,0,0,0,0,0,0,5448
ML029,Mali,Mopti,Mopti,Fulah,0.3635,Fulah,Bambara,Bozo,Songhay,Dogon,Others,Tamasheq,Soninke,Marka,Bankagooma,11917,368905,0,108837,0,0,0,0,1631,0,0,0,0,134110,0,0,0,0,0,0,0,0,0,0,0,0,0,0,0,0,0,0,0,0,0,0,0,0,61960,7337,22827,0,0,0,0,0,0,0,13859,0,0,7745,0,0,0,0,0,0,0,0,0,0,0,0,0,0,0,0,0,0,0,0,0,0,0,0,0,0,0,0,0,0,0,0,0,0,1223,0,0,0,0,0,0,0,0,0,0,0,0,0,0,0,0,0,0,0,0,0,0,0,0,0,0,0,0,0,0,0,0,0,0,0,0,0,0,0,0,0,9376
ML030,Mali,Mopti,Bandiagara,Dogon,0.8761,Dogon,Fulah,Others,Bambara,Bozo,.,.,.,.,.,6319,313456,0,5548,0,0,0,0,0,0,0,0,0,22192,0,0,0,0,0,0,0,0,0,0,0,0,0,0,0,0,0,0,0,0,0,0,0,0,2427,0,0,0,0,0,0,0,0,0,274621,0,0,0,0,0,0,0,0,0,0,0,0,0,0,0,0,0,0,0,0,0,0,0,0,0,0,0,0,0,0,0,0,0,0,0,0,0,0,0,0,0,0,0,0,0,0,0,0,0,0,0,0,0,0,0,0,0,0,0,0,0,0,0,0,0,0,0,0,0,0,0,0,0,0,0,0,0,0,0,8668
ML031,Mali,Mopti,Bankass,Dogon,0.6094,Dogon,Fulah,Marka,Others,Bambara,Bankagooma,Tamasheq,Bozo,.,.,4457,264776,0,7388,0,0,0,0,36052,0,0,0,0,43144,0,0,0,0,0,0,0,0,0,0,0,0,0,0,0,0,0,0,0,0,0,0,0,0,1182,0,0,0,0,0,0,0,0,0,161348,0,0,1478,0,0,0,0,0,0,0,0,0,0,0,0,0,0,0,0,0,0,0,0,0,0,0,0,0,0,0,0,0,0,0,0,0,0,2364,0,0,0,0,0,0,0,0,0,0,0,0,0,0,0,0,0,0,0,0,0,0,0,0,0,0,0,0,0,0,0,0,0,0,0,0,0,0,0,0,0,11820
ML032,Mali,Mopti,Djenné,Bozo,0.3382,Bozo,Bambara,Fulah,Songhay,Dogon,Others,Marka,Tamasheq,Soninke,.,24826,208413,0,60507,0,0,0,0,2782,0,0,0,0,46366,0,0,0,0,0,0,0,0,0,0,0,0,0,0,0,0,0,0,0,0,0,0,0,0,70476,1623,12751,0,0,0,0,0,0,0,8346,0,0,1855,0,0,0,0,0,0,0,0,0,0,0,0,0,0,0,0,0,0,0,0,0,0,0,0,0,0,0,0,0,0,0,0,0,0,0,0,0,0,0,0,0,0,0,0,0,0,0,0,0,0,0,0,0,0,0,0,0,0,0,0,0,0,0,0,0,0,0,0,0,0,0,0,0,0,0,0,3707
ML033,Mali,Mopti,Douentza,Fulah,0.4027,Fulah,Dogon,Songhay,Bambara,Tamasheq,Others,Soninke,Soninke,.,.,10990,246625,0,14814,0,0,0,0,0,0,0,0,0,99308,0,0,0,0,0,0,0,0,0,0,0,0,0,0,0,0,0,0,0,0,0,0,0,0,0,1372,26885,0,0,0,0,0,0,0,80928,0,0,14265,0,0,0,0,0,0,0,0,0,0,0,0,0,0,0,0,0,0,0,0,0,0,0,0,0,0,0,0,1372,0,0,0,0,0,0,0,0,0,0,0,0,0,0,0,0,0,0,0,0,0,0,0,0,0,0,0,0,0,0,0,0,0,0,0,0,0,0,0,0,0,0,0,0,0,0,0,7681
ML034,Mali,Mopti,Koro,Dogon,0.8161,Dogon,Fulah,Others,Bambara,Bambara,Tamasheq,.,.,.,.,7468,362587,0,2845,0,0,0,0,0,0,0,0,0,33738,0,0,0,0,0,0,0,0,0,0,0,0,0,0,0,0,0,0,0,0,0,0,0,0,0,0,0,0,0,0,0,0,0,0,295923,0,0,1219,0,0,0,0,0,0,0,0,0,0,0,0,0,0,0,0,0,0,0,0,0,0,0,0,0,0,0,2845,0,0,0,0,0,0,0,0,0,0,0,0,0,0,0,0,0,0,0,0,0,0,0,0,0,0,0,0,0,0,0,0,0,0,0,0,0,0,0,0,0,0,0,0,0,0,0,0,26017
ML035,Mali,Mopti,Ténenkou,Fulah,0.6111,Fulah,Bozo,Bambara,Tamasheq,Others,Songhay,.,.,.,.,7691,162924,0,16202,0,0,0,0,0,0,0,0,0,99555,0,0,0,0,0,0,0,0,0,0,0,0,0,0,0,0,0,0,0,0,0,0,0,0,30785,0,1980,0,0,0,0,0,0,0,0,0,0,7741,0,0,0,0,0,0,0,0,0,0,0,0,0,0,0,0,0,0,0,0,0,0,0,0,0,0,0,0,0,0,0,0,0,0,0,0,0,0,0,0,0,0,0,0,0,0,0,0,0,0,0,0,0,0,0,0,0,0,0,0,0,0,0,0,0,0,0,0,0,0,0,0,0,0,0,0,6661
ML036,Mali,Mopti,Youwarou,Fulah,0.4241,Fulah,Songhay,Bozo,Bambara,Tamasheq,Others,.,.,.,.,4735,108523,0,10053,0,0,0,0,0,0,0,0,0,46025,0,0,0,0,0,0,0,0,0,0,0,0,0,0,0,0,0,0,0,0,0,0,0,0,17926,0,25920,0,0,0,0,0,0,0,0,0,0,5450,0,0,0,0,0,0,0,0,0,0,0,0,0,0,0,0,0,0,0,0,0,0,0,0,0,0,0,0,0,0,0,0,0,0,0,0,0,0,0,0,0,0,0,0,0,0,0,0,0,0,0,0,0,0,0,0,0,0,0,0,0,0,0,0,0,0,0,0,0,0,0,0,0,0,0,0,3149
ML037,Mali,Tombouctou,Tombouctou,Songhay,0.371,Songhay,Tamasheq,Arabic,Hassaniya Arabic,Bambara,Others,.,.,.,.,145193,127328,0,4333,0,0,0,0,0,0,0,0,0,0,0,0,0,0,0,0,0,0,0,0,0,0,0,0,0,0,0,0,0,0,0,0,0,0,0,0,47241,0,0,0,0,0,0,0,0,0,0,38576,0,0,0,0,0,0,0,0,0,0,0,0,0,0,0,0,0,0,0,0,0,0,0,0,0,0,0,8526,25018,0,0,0,0,0,0,0,0,0,0,0,0,0,0,0,0,0,0,0,0,0,0,0,0,0,0,0,0,0,0,0,0,0,0,0,0,0,0,0,0,0,0,0,0,0,0,0,3634
ML038,Mali,Tombouctou,Diré,Songhay,0.7303,Songhay,Tamasheq,Fulah,Others,Bozo,Bambara,.,.,.,.,115915,109661,0,1947,0,0,0,0,0,0,0,0,0,7911,0,0,0,0,0,0,0,0,0,0,0,0,0,0,0,0,0,0,0,0,0,0,0,0,2069,0,80085,0,0,0,0,0,0,0,0,0,0,15336,0,0,0,0,0,0,0,0,0,0,0,0,0,0,0,0,0,0,0,0,0,0,0,0,0,0,0,0,0,0,0,0,0,0,0,0,0,0,0,0,0,0,0,0,0,0,0,0,0,0,0,0,0,0,0,0,0,0,0,0,0,0,0,0,0,0,0,0,0,0,0,0,0,0,0,0,2313
ML039,Mali,Tombouctou,Goundam,Songhay,0.4497,Songhay,Tamasheq,Hassaniya Arabic,Fulah,Others,Bambara,Arabic,.,.,.,42737,151329,0,3216,0,0,0,0,0,0,0,0,0,5586,0,0,0,0,0,0,0,0,0,0,0,0,0,0,0,0,0,0,0,0,0,0,0,0,0,0,68047,0,0,0,0,0,0,0,0,0,0,59245,0,0,0,0,0,0,0,0,0,0,0,0,0,0,0,0,0,0,0,0,0,0,0,0,0,0,0,8971,2031,0,0,0,0,0,0,0,0,0,0,0,0,0,0,0,0,0,0,0,0,0,0,0,0,0,0,0,0,0,0,0,0,0,0,0,0,0,0,0,0,0,0,0,0,0,0,0,4233
ML040,Mali,Tombouctou,Gourma-Rharous,Tamasheq,0.4966,Tamasheq,Songhay,Fulah,Fulah,Hassaniya Arabic,Arabic,.,.,.,.,9843,111033,0,0,0,0,0,0,0,0,0,0,0,3983,0,0,0,0,0,0,0,0,0,0,0,0,0,0,0,0,0,0,0,0,0,0,0,0,0,0,44314,0,0,0,0,0,0,0,0,0,0,55143,0,0,0,0,0,0,0,0,0,0,0,0,0,0,0,0,0,0,0,0,0,0,0,0,0,0,0,1867,1743,0,0,0,0,0,0,0,0,0,0,0,0,0,0,0,0,0,0,0,0,0,0,0,0,0,0,0,0,0,0,0,0,0,0,0,0,0,0,0,0,0,0,0,0,0,0,0,3983
ML041,Mali,Tombouctou,Niafunké,Songhay,0.3822,Songhay,Fulah,Bambara,Tamasheq,Arabic,Bozo,Others,Hassaniya Arabic,Soninke,.,331856,175442,0,19883,0,0,0,0,0,0,0,0,0,57116,0,0,0,0,0,0,0,0,0,0,0,0,0,0,0,0,0,0,0,0,0,0,0,0,3119,1754,67058,0,0,0,0,0,0,0,0,0,0,18519,0,0,0,0,0,0,0,0,0,0,0,0,0,0,0,0,0,0,0,0,0,0,0,0,0,0,0,1949,3704,0,0,0,0,0,0,0,0,0,0,0,0,0,0,0,0,0,0,0,0,0,0,0,0,0,0,0,0,0,0,0,0,0,0,0,0,0,0,0,0,0,0,0,0,0,0,0,2340
ML042,Mali,Gao,Gao,Songhay,0.6452,Songhay,Tamasheq,Bambara,Others,Hassaniya Arabic,Fulah,Arabic,.,.,.,29816,239535,0,10924,0,0,0,0,0,0,0,0,0,2664,0,0,0,0,0,0,0,0,0,0,0,0,0,0,0,0,0,0,0,0,0,0,0,0,0,0,154539,0,0,0,0,0,0,0,0,0,0,59684,0,0,0,0,0,0,0,0,0,0,0,0,0,0,0,0,0,0,0,0,0,0,0,0,0,0,0,2931,2132,0,0,0,0,0,0,0,0,0,0,0,0,0,0,0,0,0,0,0,0,0,0,0,0,0,0,0,0,0,0,0,0,0,0,0,0,0,0,0,0,0,0,0,0,0,0,0,6661
ML043,Mali,Gao,Ansongo,Songhay,0.4787,Songhay,Tamasheq,Others,Fulah,Bambara,.,.,.,.,.,24124,131953,0,3542,0,0,0,0,0,0,0,0,0,8266,0,0,0,0,0,0,0,0,0,0,0,0,0,0,0,0,0,0,0,0,0,0,0,0,0,0,63172,0,0,0,0,0,0,0,0,0,0,38818,0,0,0,0,0,0,0,0,0,0,0,0,0,0,0,0,0,0,0,0,0,0,0,0,0,0,0,0,0,0,0,0,0,0,0,0,0,0,0,0,0,0,0,0,0,0,0,0,0,0,0,0,0,0,0,0,0,0,0,0,0,0,0,0,0,0,0,0,0,0,0,0,0,0,0,0,18155
ML044,Mali,Gao,Bourem,Songhay,0.6629,Songhay,Hassaniya Arabic,Tamasheq,Arabic,Others,Bozo,Bambara,.,.,.,40920,116360,0,1307,0,0,0,0,0,0,0,0,0,0,0,0,0,0,0,0,0,0,0,0,0,0,0,0,0,0,0,0,0,0,0,0,0,0,1438,0,77138,0,0,0,0,0,0,0,0,0,0,15689,0,0,0,0,0,0,0,0,0,0,0,0,0,0,0,0,0,0,0,0,0,0,0,0,0,0,0,16866,2092,0,0,0,0,0,0,0,0,0,0,0,0,0,0,0,0,0,0,0,0,0,0,0,0,0,0,0,0,0,0,0,0,0,0,0,0,0,0,0,0,0,0,0,0,0,0,0,1830
ML045,Mali,Gao,Ménaka,Tamasheq,0.5656,Tamasheq,Others,Songhay,Hausa,.,.,.,.,.,.,81027,54456,0,0,0,0,0,0,0,0,0,0,0,0,0,0,0,0,0,0,0,0,0,0,0,0,0,0,0,0,0,0,0,0,0,0,0,0,0,0,2822,0,0,0,0,0,0,0,0,0,0,30800,0,0,0,0,0,0,0,0,0,0,0,0,0,0,0,0,0,0,0,0,0,0,0,0,0,0,0,0,0,1561,0,0,0,0,0,0,0,0,0,0,0,0,0,0,0,0,0,0,0,0,0,0,0,0,0,0,0,0,0,0,0,0,0,0,0,0,0,0,0,0,0,0,0,0,0,0,19273
ML046,Mali,Kidal,Kidal,Tamasheq,0.8483,Tamasheq,Arabic,Bambara,Others,Songhay,.,.,.,.,.,8240,67739,0,2776,0,0,0,0,0,0,0,0,0,0,0,0,0,0,0,0,0,0,0,0,0,0,0,0,0,0,0,0,0,0,0,0,0,0,0,0,1950,0,0,0,0,0,0,0,0,0,0,57462,0,0,0,0,0,0,0,0,0,0,0,0,0,0,0,0,0,0,0,0,0,0,0,0,0,0,0,0,2851,0,0,0,0,0,0,0,0,0,0,0,0,0,0,0,0,0,0,0,0,0,0,0,0,0,0,0,0,0,0,0,0,0,0,0,0,0,0,0,0,0,0,0,0,0,0,0,2700
ML047,Mali,Bamako,Bamako,Bambara,0.8816,Bambara,Soninke,Others,Songhay,Fulah,Dogon,Marka,Xasonga,Senoufo,Senoufo,244,1810366,0,1595981,0,0,0,0,15880,0,0,0,0,27791,0,0,0,0,0,0,0,0,0,0,0,0,0,0,0,0,0,0,0,3970,1985,0,0,0,1985,55581,29776,0,0,0,0,0,0,0,25806,0,0,3970,0,0,0,0,0,0,0,0,0,0,0,0,0,0,0,0,0,0,0,0,0,0,0,0,0,0,0,0,0,0,0,0,0,0,0,0,0,0,0,0,0,0,0,0,0,0,0,0,0,0,0,0,0,0,0,0,0,0,0,0,0,0,0,0,0,0,0,5955,0,0,0,0,0,0,0,0,41686
TG001,Togo,Togo,Togo,Ewe,0.223000117,Ewe,Others,Kabyé,Ouatchi,Moba,Losso ,Kotokoli,Mina,Adja,Yoruba,56947,8095498,0,0,0,0,0,0,0,0,0,0,0,145719,0,0,0,0,0,1805297,1157656,793359,477634,372393,0,315724,0,0,0,0,218578,0,0,0,0,0,0,0,0,0,0,0,0,0,0,0,0,0,0,0,0,0,0,0,0,0,0,0,0,0,0,0,0,0,0,0,0,0,0,0,0,0,0,0,0,0,0,0,0,0,0,0,0,0,0,0,0,0,0,0,0,0,0,0,0,0,0,0,0,0,0,0,0,0,0,0,0,680022,0,0,0,0,0,0,0,0,0,0,0,0,0,615258,226674,0,0,0,0,0,1287184
